# File exported by Houdini 22.0.368 (www.sidefx.com)
# 3164 points
# 11508 vertices
# 2788 primitives
# Bounds: [-7.9125824, 9.49806708e-05, -7.55853462] to [5.78849268, 30.2567043, 6.77056599]
g 
v 0 3.94000006 0
v 0 3.94000006 0
v 0 3.94000006 0
v 0 3.94000006 0
v 0 3.94000006 0
v 0 3.94000006 0
v 0 3.94000006 0
v 0 3.94000006 0
v 0 3.94000006 0
v 0 3.94000006 0
v 0 3.94000006 0
v 0 3.94000006 0
v 0 3.94000006 0
v 0 3.94000006 0
v 0 3.94000006 0
v 0 3.94000006 0
v 0 3.94000006 0
v 0 3.94000006 0
v 0 3.94000006 0
v 0 3.94000006 0
v 0 3.94000006 0
v 0 3.94000006 0
v 0 3.94000006 0
v 0 3.94000006 0
v 0 3.94000006 0
v 0 3.94000006 0
v 0 3.94000006 0
v 0 3.94000006 0
v 0 3.94000006 0
v 0 3.94000006 0
v 0 3.94000006 0
v 0 3.94000006 0
v 0 3.94000006 0
v 0 3.94000006 0
v 0 3.94000006 0
v 0 3.9400003 0
v 0 3.94000053 0
v 0 3.94000077 0
v 0 3.94000101 0
v 0 3.94000006 0
v 0 3.94000006 0
v 0 3.94000006 0
v 0 3.94000006 0
v 0 3.94000006 0
v 0 3.94000006 0
v 0 3.94000006 0
v 0 3.94000006 0
v 0 3.94000006 0
v 0 3.94000006 0
v 0 3.94000006 0
v 0 3.94000006 0
v 0 3.94000006 0
v 0 3.94000006 0
v 0 3.94000006 0
v 0 3.94000006 0
v 0 3.94000006 0
v 0 3.94000006 0
v 0 3.94000006 0
v 0 3.94000006 0
v 0 3.94000006 0
v 0 3.94000006 0
v 0 3.94000006 0
v 0 3.94000006 0
v 0 3.94000006 0
v 0 3.94000006 0
v 0 3.94000006 0
v 0 3.94000006 0
v 0 3.94000006 0
v 0 3.94000006 0
v 0 3.94000006 0
v 0 3.94000006 0
v 0 3.94000006 0
v 0 3.94000006 0
v 0 3.94000006 0
v 0 3.94000006 0
v 0 3.94000006 0
v 0 3.94000006 0
v 0 3.94000006 0
v 0 3.94000006 0
v 0 3.94000006 0
v 0 3.94000006 0
v 0 3.94000006 0
v 0 3.94000006 0
v 0 3.94000006 0
v 0 3.94000006 0
v 0 3.94000006 0
v 0 3.94000006 0
v 0 3.94000006 0
v 0 3.94000006 0
v 0 3.94000006 0
v 0 3.94000006 0
v 0 3.94000006 0
v 0 3.94000006 0
v 0 3.94000006 0
v 0 3.94000006 0
v 0 3.94000006 0
v 0 3.94000006 0
v 0 3.94000006 0
v 0 3.94000006 0
v 0 3.94000006 0
v 0 3.94000006 0
v 0 3.94000006 0
v 0 3.94000006 0
v 0 3.94000006 0
v 0 3.94000006 0
v 0 3.94000006 0
v 0 3.94000006 0
v 0 3.94000006 0
v 0 3.94000006 0
v 0 3.94000006 0
v 0 3.94000006 0
v 0 3.94000006 0
v 0 3.94000006 0
v 0 3.94000006 0
v 0 3.94000006 0
v 0 3.94000006 0
v 0 3.94000006 0
v 0 3.94000006 0
v 0 3.94000006 0
v 0 3.94000006 0
v 0 3.94000006 0
v 0 3.94000006 0
v 0 3.94000006 0
v 0 3.94000006 0
v 0 3.94000006 0
v 0 3.94000006 0
v 0 3.94000006 0
v 0 3.94000006 0
v 0 3.94000006 0
v 0 3.94000006 0
v 0 3.94000006 0
v 0 3.94000006 0
v 0 3.94000006 0
v 0 3.94000006 0
v 0 3.94000006 0
v 0 3.94000006 0
v 0 3.94000006 0
v 0 3.94000006 0
v 0 3.94000006 0
v 0 3.94000006 0
v 0 3.94000006 0
v 0 3.93999982 0
v 0 3.93999958 0
v 0 3.94000006 0
v 0 3.94000006 0
v 0 3.94000006 0
v 0 3.94000006 0
v 0 3.94000006 0
v 0 3.94000006 0
v 0 3.94000006 0
v 0 3.94000006 0
v 0 3.94000006 0
v 0 3.94000006 0
v 0 3.94000006 0
v 0 3.9400003 0
v 0 3.94000053 0
v 0 3.94000006 0
v 0 3.94000006 0
v 0 3.94000006 0
v 0 3.94000006 0
v 0 3.94000006 0
v 0 3.94000006 0
v 0 3.94000006 0
v 0 3.94000006 0
v 0 3.94000006 0
v 0 3.94000006 0
v 0 3.94000006 0
v 0 3.94000006 0
v 0 3.94000006 0
v 0 3.94000006 0
v 0 3.94000006 0
v 0 3.94000006 0
v 0 3.94000006 0
v 0 3.94000006 0
v 0 3.94000006 0
v 0 3.94000006 0
v 0 3.94000006 0
v 0 3.94000006 0
v 0 3.94000006 0
v 0 3.94000006 0
v 0 3.94000006 0
v 0 3.94000006 0
v 0 3.94000006 0
v 0 3.94000006 0
v 0 3.94000006 0
v 0 3.94000006 0
v 0 3.94000006 0
v 0 3.94000006 0
v 0 3.94000006 0
v 0 3.94000006 0
v 0 3.94000006 0
v 0 3.94000006 0
v 0 3.94000006 0
v 0 3.94000006 0
v 0 3.94000006 0
v 0 3.94000006 0
v 2.63718503e-05 9.49806708e-05 -0.000109918386
v 3.43686697e-05 0.000185212906 -0.000103202605
v 8.54827376e-05 0.000348121801 -0.00013503799
v 0.000139389915 0.000728262356 -0.000130977482
v 0.000210738071 0.00139079976 -9.68057211e-05
v 0.000244412193 0.00195559417 -3.5135392e-05
v 0.000264237373 0.0025095311 4.11728979e-05
v 0.00030682818 0.00330239674 0.000133357564
v 0.000312527554 0.00332453055 0.00013052483
v 0.000274335471 0.00253700768 3.40330225e-05
v 0.00025333825 0.00198350428 -4.0792147e-05
v 0.000215735345 0.00137665542 -0.000105350708
v 0.000139977026 0.000663117506 -0.000143449855
v 8.54561804e-05 0.000297481136 -0.00014415459
v 0.000279060856 0.00215042639 0.000361580926
v 0.000296357583 0.00215810281 0.000324006949
v 0.000543136557 0.0021725262 0.000349349575
v 0.000734825386 0.00220517698 0.000242417897
v 0.000936061086 0.00226173596 -1.38196629e-06
v 0.000948055938 0.00230953377 -0.000278187334
v 0.000882232969 0.00235620979 -0.000583211717
v 0.000871558907 0.00242323685 -0.000983688165
v 0.000897768943 0.00242517726 -0.000983408769
v 0.000932536263 0.00235866522 -0.000575184647
v 0.000991328387 0.00231200736 -0.000273416052
v 0.00097008649 0.00226062885 2.03888485e-05
v 0.000759719464 0.00219973247 0.000285704853
v 0.000559649663 0.00216828636 0.000381771941
v -0.000807853066 0.00481201056 0.00108708744
v -0.000760284136 0.00483455881 0.00100881699
v -0.000223042967 0.0048762504 0.00113408698
v 0.000226165459 0.00497178454 0.000951290131
v 0.000730886299 0.00513768336 0.000468390761
v 0.000827046286 0.00527838012 -0.000140594435
v 0.000758891867 0.00541601889 -0.000833828817
v 0.000836271734 0.00561340572 -0.00172275631
v 0.000893939228 0.0056190365 -0.00171478791
v 0.000867681985 0.00542309042 -0.000801964314
v 0.000921168539 0.00528552756 -0.000117904041
v 0.000800355512 0.00513431616 0.000526094227
v 0.000270098855 0.00495567592 0.00105403084
v -0.000194834633 0.00486371526 0.00121044263
v 0.000543723872 0.00850341935 0.00141727109
v 0.000381263439 0.00855369307 0.00144544442
v -1.51210697e-05 0.00863633025 0.000558229454
v -0.000756369496 0.00884365011 0.000159817399
v -0.0019847448 0.00920999516 4.36177943e-05
v -0.00295560528 0.00952831283 0.000638937403
v -0.00387070142 0.009843437 0.00156047381
v -0.00522045186 0.0102913333 0.00251592649
v -0.00527080707 0.010302837 0.00242723548
v -0.00394170778 0.00985704735 0.00137305423
v -0.00302398973 0.00954243261 0.000482613221
v -0.00197684509 0.0092007285 -0.000120677403
v -0.000656953431 0.00880594365 -2.32087914e-05
v 6.35178585e-05 0.00860712584 0.00042830559
v 0.00181687088 0.0132655334 -0.00129536376
v 0.00194513588 0.0133482125 -0.00107458723
v 0.000579518906 0.0134657584 -1.46932725e-05
v 0.000239458866 0.0137965893 0.00127994851
v 0.000631201197 0.0143927429 0.00312876026
v 0.00214740844 0.0149244322 0.00421532197
v 0.00420937594 0.015457321 0.00504296413
v 0.00654171128 0.0162077621 0.00648388686
v 0.00641040038 0.0162248109 0.00660543656
v 0.00391472364 0.0154758682 0.0052483608
v 0.00190608483 0.0149444239 0.00439995388
v 0.000338882441 0.0143743753 0.00320685818
v -0.000130136497 0.0137313949 0.00123523967
v 0.000313243596 0.0134154968 -5.81560307e-05
v -0.0024962388 0.0194822755 0.000486445846
v -0.00264150673 0.0195255503 9.35328426e-05
v -6.37134071e-05 0.0195621215 -0.000719066418
v 0.000889831455 0.0197215248 -0.00243127253
v 0.000801274786 0.0200249609 -0.00535181537
v -0.00137646263 0.0203143917 -0.00776509196
v -0.00453461474 0.0206132196 -0.0100948233
v -0.00795425382 0.0210248325 -0.0134694381
v -0.00770044979 0.0210312121 -0.0135763371
v -0.00398545898 0.0206177142 -0.0102360351
v -0.000921736704 0.0203204658 -0.00790478382
v 0.0013080847 0.0200110935 -0.00530781597
v 0.00148724695 0.0196830761 -0.00216550217
v 0.000363292871 0.0195327792 -0.000511109247
v 0.00348258764 0.0263392888 0.00405815989
v 0.00371757662 0.0264341626 0.00360358832
v 0.008308677 0.0266511478 0.00424339715
v 0.0115955761 0.0270760339 0.00313341268
v 0.0147560127 0.0277883969 0.000298666302
v 0.0143658537 0.0283618439 -0.00319895986
v 0.0124833472 0.0289078206 -0.00715505797
v 0.0114037879 0.0297070015 -0.0122514889
v 0.0118860817 0.02973493 -0.0122141503
v 0.0134255048 0.0289462581 -0.00698832702
v 0.015171621 0.028399229 -0.00308261346
v 0.0154293384 0.0277813133 0.000618840335
v 0.0121485535 0.0270154625 0.00371488743
v 0.00868366845 0.0266034584 0.0046761781
v -0.00697859889 0.0336706191 -0.0023301465
v -0.00687855901 0.0339404494 -0.00172596402
v -0.0123174703 0.03446576 0.000516543922
v -0.0149936927 0.0356235504 0.00369676552
v -0.0161944386 0.0376179218 0.00852965284
v -0.0130584091 0.0392898284 0.0117970565
v -0.00795992184 0.0409158617 0.0145870987
v -0.00284025213 0.0432580337 0.0190269183
v -0.00338841113 0.0433281064 0.0192924961
v -0.00910357852 0.0410059951 0.0150117064
v -0.0140161198 0.0393800028 0.0121865571
v -0.0171678662 0.0375821292 0.00863122847
v -0.0160404816 0.0354353599 0.00346029666
v -0.0130571984 0.0343189649 0.00031755789
v 0.00811349414 0.041996967 -0.00445494894
v 0.00752491783 0.0424615853 -0.00484683504
v 0.0102078617 0.0433301292 -0.0113676861
v 0.00979294069 0.0453038923 -0.0162231773
v 0.00676120864 0.0487255938 -0.0211026687
v 0.00140422396 0.0516204983 -0.0209592134
v -0.00519799814 0.0544490591 -0.0187260155
v -0.013196284 0.0585091747 -0.0177826248
v -0.0129589401 0.0586261712 -0.0184712019
v -0.00459463987 0.0545967482 -0.02005996
v 0.00188113842 0.0517694391 -0.0221031792
v 0.00749183819 0.0486578271 -0.022032015
v 0.0108674504 0.0449736081 -0.0169484206
v 0.0109938141 0.0430729911 -0.0118549075
v -5.42786438e-05 0.0513689406 0.0112983296
v 0.000664873573 0.0520380884 0.0109437322
v 0.00558118848 0.0532692671 0.017531395
v 0.0106052449 0.0561010391 0.020021759
v 0.017131649 0.0610222481 0.0199072845
v 0.0200171955 0.0652003661 0.014459555
v 0.0215450004 0.0692898557 0.00651488593
v 0.0251339786 0.0751522034 -0.00205526408
v 0.0256790966 0.0753186941 -0.00140563864
v 0.0225199051 0.0694984421 0.00791706704
v 0.0208761469 0.0654113963 0.0156214871
v 0.017635528 0.060921289 0.02119473
v 0.0107134776 0.0556219369 0.0215312578
v 0.00561768189 0.0528965257 0.0186096318
v -0.0128569379 0.0617841557 -0.00422631577
v -0.0127424402 0.0626680627 -0.00333059905
v -0.0217670742 0.0642821118 -0.000519186142
v -0.0263733529 0.0680159628 0.00391270313
v -0.028711807 0.0745123774 0.0109008607
v -0.0238721259 0.0800369009 0.0159740709
v -0.0158026665 0.0854486674 0.0205198862
v -0.00783038139 0.0932017341 0.0274892915
v -0.0087430831 0.0934204087 0.0278307181
v -0.0176965594 0.0857216269 0.0210421626
v -0.025460802 0.0803135037 0.0164612345
v -0.0303030722 0.0743769258 0.0109639904
v -0.0280569606 0.0673809722 0.00347313611
v -0.0229542758 0.0637882575 -0.00087661203
v 0.0072309426 0.0732317194 -0.0142470552
v 0.00621840777 0.0743427724 -0.0142879942
v 0.00483021373 0.0763634071 -0.0249774884
v 0.000806966797 0.0810522586 -0.0310016423
v -0.00647616619 0.089215301 -0.0349581167
v -0.0130104311 0.0961631835 -0.0304731354
v -0.0195774175 0.102972209 -0.0222533047
v -0.0288064517 0.112723865 -0.0146022718
v -0.0290099941 0.112997904 -0.0156941712
v -0.0197938383 0.10331361 -0.0244837459
v -0.0132462326 0.0965094268 -0.0323534198
v -0.00624247687 0.0890436396 -0.0367609337
v 0.00161427096 0.0802526623 -0.0328130871
v 0.00545198284 0.0757416338 -0.0262458362
v 0.0164732356 0.0857026279 0.00870784651
v 0.0165522192 0.0870550349 0.00757672638
v 0.0287096929 0.0895088017 0.00640419917
v 0.0356654711 0.095212996 0.00211826456
v 0.0403831974 0.105147243 -0.00588758662
v 0.0355113894 0.113606945 -0.0133560663
v 0.0264084991 0.121899657 -0.0209940001
v 0.0180358309 0.133773953 -0.0315893516
v 0.0192796681 0.134106919 -0.0317781866
v 0.0289428867 0.122314006 -0.0211567394
v 0.037649624 0.114027381 -0.0135529367
v 0.0424185321 0.104937308 -0.00556206144
v 0.0376921222 0.0942387134 0.0030857157
v 0.0301269069 0.0887512714 0.00714480132
v -0.0081170192 0.0991905183 0.019912824
v -0.00685240841 0.100799717 0.0198886115
v -0.00435725227 0.103715196 0.033422567
v 0.00108729221 0.110500202 0.0408050567
v 0.0104457997 0.122319356 0.0453032553
v 0.0182667524 0.132387325 0.0390875041
v 0.0258610584 0.142258108 0.0281039774
v 0.0368131623 0.156390354 0.0176451914
v 0.0371449701 0.156786129 0.0190229844
v 0.0262904335 0.142750233 0.0309334658
v 0.0186952073 0.132886857 0.0414687656
v 0.0102836927 0.122068837 0.047621116
v 0.000211045495 0.109340176 0.0431772396
v -0.00504119834 0.102813303 0.0350878052
v -0.0241570156 0.113691159 -0.00458829198
v -0.023863785 0.115573451 -0.0032128864
v -0.0382393599 0.11898049 0.00238249265
v -0.045220159 0.126915216 0.00989248976
v -0.0482001901 0.140739083 0.0210633036
v -0.0397077575 0.15251711 0.0282824468
v -0.0260135513 0.164065599 0.034242589
v -0.0121893119 0.180598646 0.0439796783
v -0.0136363842 0.181061268 0.0446342304
v -0.0290384423 0.164640591 0.0353116542
v -0.042239327 0.153100848 0.0292554069
v -0.0507864431 0.140445501 0.0213781148
v -0.0480167493 0.125557765 0.00943921693
v -0.0402170345 0.11792516 0.00198915694
v -0.00276027527 0.1292018 -0.0277519487
v -0.00413523521 0.131374046 -0.0270187072
v -0.0145414919 0.135303438 -0.0407224819
v -0.0247019865 0.144459069 -0.0459171459
v -0.0375266187 0.160411552 -0.0457085818
v -0.0425939374 0.174005032 -0.0344072059
v -0.044711668 0.187334478 -0.0179139078
v -0.0508138426 0.206416219 -0.000130781904
v -0.0519586578 0.20694983 -0.00148241594
v -0.0467859283 0.18799752 -0.0208304338
v -0.0444132909 0.174678251 -0.0368242413
v -0.0386615619 0.160072327 -0.0483847037
v -0.0250834972 0.142892078 -0.049052678
v -0.0147337206 0.134085223 -0.0429620221
v 0.0280968882 0.145720452 -0.0140264388
v 0.0268065035 0.148199901 -0.0151645765
v 0.0370275117 0.15268302 -0.0313058048
v 0.0385096334 0.163132355 -0.0438655913
v 0.033357203 0.181340173 -0.0570736378
v 0.0196747389 0.196856946 -0.0579062328
v 0.00173768401 0.212073043 -0.0536524355
v -0.0190718994 0.23385483 -0.0530232713
v -0.0181093514 0.234463707 -0.0547380298
v 0.00396704301 0.212829441 -0.0569421574
v 0.0214836821 0.197625026 -0.0607365221
v 0.0356985219 0.180952638 -0.059295997
v 0.041617848 0.161343411 -0.045486819
v 0.0392784253 0.151292279 -0.0323805809
v 0.0274167601 0.163245693 0.0219682865
v 0.0279679224 0.166049853 0.0201570131
v 0.0488872863 0.171118468 0.0230647475
v 0.06219225 0.182935387 0.0188394804
v 0.0731008798 0.203527182 0.00766765047
v 0.0676520318 0.221076772 -0.00642895047
v 0.0551362187 0.238286868 -0.0224782825
v 0.0449439473 0.262922466 -0.0430558063
v 0.0471096709 0.263610899 -0.0428705066
v 0.0594669431 0.239142001 -0.0217390507
v 0.0713278353 0.221945167 -0.00590231176
v 0.0764102191 0.203088626 0.00900448486
v 0.0652496815 0.180911884 0.0212185588
v 0.0510016307 0.169545412 0.024832787
v -0.00707971025 0.181776762 0.0384288989
v -0.00504234713 0.184923366 0.0380289927
v 0.00293687335 0.190609589 0.05986996
v 0.0138909034 0.203868762 0.0706226975
v 0.0303315725 0.226974577 0.0754567683
v 0.0411632136 0.246667743 0.0628763214
v 0.0502385385 0.265980422 0.0424162038
v 0.0648951828 0.293625236 0.0218757018
v 0.0658332482 0.294397652 0.0240770504
v 0.0517575406 0.2669397 0.0470086373
v 0.0425500609 0.247641951 0.0667221844
v 0.030745212 0.226482242 0.0793649033
v 0.0131658707 0.201597944 0.0748243928
v 0.00231663068 0.188844293 0.0628390536
v -0.0403689593 0.201312795 0.0154735474
v -0.0388411805 0.204819635 0.0171517059
v -0.054807663 0.211155832 0.037037205
v -0.0586930402 0.225932479 0.0533985868
v -0.0539237857 0.251683414 0.0715254843
v -0.0359978378 0.273631781 0.0745014101
v -0.0116765164 0.295156538 0.0713529289
v 0.0158781707 0.325967342 0.0733791292
v 0.0143446438 0.326828063 0.0755085796
v -0.0151235741 0.296225399 0.0753857046
v -0.0388195738 0.274717331 0.0779859349
v -0.0573545769 0.251134515 0.0741351694
v -0.0630433857 0.223401487 0.0551101938
v -0.0579428636 0.209188268 0.0381457731
v -0.0391012505 0.221853271 -0.02715238
v -0.0396830142 0.225738332 -0.0247489642
v -0.0674569905 0.232756943 -0.0270406734
v -0.0846389309 0.249126747 -0.020570498
v -0.0981138796 0.277654558 -0.00520684011
v -0.0898197889 0.301970482 0.0127985245
v -0.072066009 0.325817376 0.0328445584
v -0.0570116788 0.359951794 0.0589670837
v -0.0598778501 0.36090523 0.0588808656
v -0.0778266788 0.327001333 0.0321909823
v -0.0947012901 0.303172946 0.0123753352
v -0.102577254 0.277046323 -0.00671371166
v -0.0888534486 0.246322632 -0.0234556533
v -0.0703812614 0.230577081 -0.0291961469
v -0.00187024195 0.243397966 -0.052155897
v -0.00434171595 0.247679248 -0.0511030816
v -0.0203962009 0.255412906 -0.0768605918
v -0.0371984392 0.273451835 -0.0876713991
v -0.0593377054 0.304888934 -0.0894661993
v -0.0696300045 0.331685185 -0.0705232471
v -0.0755517706 0.357964814 -0.0419888794
v -0.0885205939 0.395581186 -0.0118662566
v -0.0903082415 0.396631777 -0.0144267194
v -0.0787264258 0.359269351 -0.0474470928
v -0.0724339336 0.333010137 -0.0750635862
v -0.0609260052 0.304218531 -0.0943450853
v -0.0374245159 0.270361602 -0.0932281315
v -0.020419294 0.253010631 -0.0808159262
v 0.0428554937 0.265946358 -0.0375644378
v 0.0402830951 0.270641983 -0.0389250219
v 0.051031433 0.279123425 -0.070073314
v 0.0486791134 0.298907667 -0.0916212872
v 0.0350921154 0.333386838 -0.111492604
v 0.0121157877 0.362776548 -0.107194334
v -0.0159594156 0.391599923 -0.0926511139
v -0.0501785763 0.432857096 -0.082954973
v -0.0492408909 0.434009314 -0.0862127617
v -0.0135266632 0.393030584 -0.0990601778
v 0.0140281748 0.36422962 -0.112663001
v 0.0381187499 0.332651407 -0.116169333
v 0.0532057658 0.295518249 -0.0956148505
v 0.0543475561 0.276488572 -0.0727999136
v 0.0614807419 0.289498359 0.00801682658
v 0.0607550703 0.294626415 0.00495787477
v 0.0937867165 0.30388841 -0.00849610567
v 0.10965994 0.325494409 -0.0257551782
v 0.116158538 0.363148779 -0.0509472005
v 0.0962782502 0.395245463 -0.0665519089
v 0.0644188374 0.426723838 -0.0790017992
v 0.0321272872 0.471781105 -0.0998955518
v 0.0354491323 0.473039359 -0.101454198
v 0.0713730976 0.428286135 -0.0815903991
v 0.102095619 0.396832258 -0.0688934401
v 0.122125238 0.362345546 -0.0518194251
v 0.116139561 0.321792722 -0.0249221809
v 0.098371461 0.301010817 -0.00774413114
v 0.0394054465 0.314053804 0.0544681549
v 0.0412723981 0.319632471 0.0516412742
v 0.0762643889 0.329707772 0.0676947758
v 0.101560473 0.353212088 0.0674480051
v 0.126158714 0.394175082 0.0539776869
v 0.1237216 0.429092377 0.026833795
v 0.109949276 0.463337243 -0.00740383193
v 0.102491908 0.512354136 -0.0482092723
v 0.106172472 0.513722897 -0.0467465147
v 0.117124602 0.46503669 -0.00384413451
v 0.129862279 0.430818498 0.0296816528
v 0.131255344 0.393301159 0.0580266938
v 0.105696499 0.34918505 0.0731581151
v 0.0790631548 0.326577306 0.0718549639
v -0.0113403611 0.339612484 0.0717775524
v -0.00777311949 0.345660001 0.0710448921
v 0.00666579604 0.356581539 0.109895848
v 0.0261033159 0.382060826 0.128954381
v 0.0550506525 0.426466018 0.137410074
v 0.0738068894 0.464317858 0.114881299
v 0.0893235132 0.501440883 0.0783251077
v 0.114632845 0.554577291 0.0415711775
v 0.116323017 0.556061029 0.045485653
v 0.0920809433 0.503283024 0.0864957273
v 0.0763174742 0.466188967 0.121722534
v 0.055854667 0.425518602 0.144371837
v 0.0249150116 0.377695292 0.136450469
v 0.00563673535 0.353187919 0.115193948
v -0.0618469715 0.366174191 0.0480544642
v -0.0585220791 0.372708738 0.0501038097
v -0.0758295432 0.384509444 0.0911133289
v -0.0746715441 0.412040472 0.120313406
v -0.058286041 0.460021675 0.14820984
v -0.0270633064 0.500922024 0.144373864
v 0.0119497553 0.541035056 0.127182081
v 0.0587559454 0.598451078 0.117034912
v 0.0571959205 0.600054324 0.121339917
v 0.00809185579 0.543025494 0.135601416
v -0.0301359147 0.502943814 0.151571706
v -0.0627800673 0.458997905 0.154247344
v -0.0811145976 0.407323301 0.125304237
v -0.0805311203 0.380842477 0.0945016891
v -0.0840075538 0.393739164 -0.005525738
v -0.0828084871 0.400778919 -0.00152160041
v -0.125882536 0.413491815 0.0189542379
v -0.145768255 0.443151385 0.0431253165
v -0.152543753 0.494842529 0.0770879835
v -0.124833368 0.538905561 0.0962349176
v -0.0813719928 0.582120478 0.110245682
v -0.0366975591 0.643976331 0.135433614
v -0.0410138294 0.645703495 0.13776581
v -0.0904588848 0.584264755 0.114232674
v -0.132421464 0.541083574 0.0998039618
v -0.160441861 0.493739516 0.0787179619
v -0.154479474 0.438069403 0.0425317436
v -0.132058546 0.409541249 0.0183183849
v -0.0650251508 0.422306925 -0.0626131967
v -0.0668085217 0.429870218 -0.0585209578
v -0.116106018 0.443528175 -0.0715500936
v -0.149018884 0.475393265 -0.0655646473
v -0.177982017 0.530928373 -0.0425485708
v -0.16856505 0.57826829 -0.00781483576
v -0.142743483 0.624697149 0.0336004309
v -0.123642519 0.691153228 0.0849661529
v -0.128775865 0.69300878 0.0838891864
v -0.152913824 0.627000868 0.0305806212
v -0.177223235 0.580608249 -0.0101411343
v -0.185555592 0.529743254 -0.0466698334
v -0.15572235 0.469933301 -0.0720600039
v -0.120710246 0.439283818 -0.0763304234
v -0.0122467764 0.451877534 -0.0957847834
v -0.0164634846 0.459982604 -0.0935804695
v -0.0486950092 0.474618644 -0.137408137
v -0.0800302327 0.508766174 -0.154474676
v -0.11947006 0.568279266 -0.154753536
v -0.134868532 0.619010448 -0.119603701
v -0.141109586 0.668765366 -0.0679213256
v -0.159583867 0.739982069 -0.0124754384
v -0.163127139 0.741970539 -0.0168068856
v -0.147537291 0.671234012 -0.0772387683
v -0.140504003 0.621517956 -0.127332747
v -0.123004854 0.56700927 -0.163246989
v -0.0812553465 0.502915025 -0.164357096
v -0.0493231826 0.470070213 -0.144460768
v 0.0519124381 0.48245123 -0.0890453681
v 0.0469267368 0.491116375 -0.0899227709
v 0.048198089 0.506763518 -0.147841558
v 0.0328564681 0.543270469 -0.182591647
v -0.000213634223 0.606895864 -0.208435014
v -0.036008954 0.661132693 -0.188766241
v -0.0748138055 0.714325845 -0.149197936
v -0.126374915 0.790463805 -0.114396155
v -0.126550987 0.792589664 -0.120352574
v -0.074185662 0.716965079 -0.161235452
v -0.0357437879 0.663813412 -0.198948711
v 0.0023187045 0.60553807 -0.217898697
v 0.0382375307 0.537015021 -0.191727996
v 0.0522458181 0.501900733 -0.154201925
v 0.100749403 0.514027476 -0.043638628
v 0.0970393941 0.523270905 -0.0475300364
v 0.134655088 0.539962173 -0.0962836444
v 0.14345254 0.578905642 -0.135679722
v 0.131472677 0.64677757 -0.178623259
v 0.0884585977 0.704634428 -0.184343994
v 0.0303206742 0.76137805 -0.174934834
v -0.0357192233 0.842597961 -0.177639574
v -0.0321131498 0.84486562 -0.18284671
v 0.0384496972 0.764193356 -0.184838265
v 0.0951072946 0.70749402 -0.192888945
v 0.139606744 0.645329058 -0.185125023
v 0.153816164 0.572232664 -0.140106887
v 0.142127782 0.53477484 -0.0991756544
v 0.114260904 0.546606541 0.0238785185
v 0.113431387 0.556446612 0.0182383955
v 0.175890833 0.574215114 -0.00094621582
v 0.207651556 0.615672052 -0.029669622
v 0.223586798 0.687924743 -0.0741827562
v 0.189829424 0.74951607 -0.105465792
v 0.1336997 0.809922457 -0.132907301
v 0.0781472623 0.896384895 -0.175673857
v 0.0844617933 0.898798943 -0.177974761
v 0.146810025 0.812919438 -0.136505544
v 0.200824946 0.752560258 -0.108794041
v 0.234617144 0.686382711 -0.0748328194
v 0.219342172 0.608568251 -0.0271587484
v 0.184136391 0.568692863 0.00112416176
v 0.086087063 0.580188572 0.0890773237
v 0.0887181237 0.590643644 0.0836459771
v 0.154858783 0.609522283 0.104050912
v 0.199783742 0.653569877 0.0978224203
v 0.240244567 0.730337739 0.0683465302
v 0.229294419 0.795778155 0.0208567344
v 0.196457326 0.859959662 -0.0365945324
v 0.173249543 0.95182544 -0.107117414
v 0.180151373 0.954390287 -0.105370849
v 0.210085154 0.863143921 -0.0319362879
v 0.240908772 0.799012542 0.0244918205
v 0.250295013 0.728699327 0.0743468404
v 0.208530813 0.646022141 0.106983006
v 0.160849959 0.603654921 0.110774115
v 0.0246746168 0.614773035 0.128899619
v 0.0301466491 0.625861347 0.125620455
v 0.0768392831 0.645883203 0.182007432
v 0.120185211 0.692598641 0.202538595
v 0.173042059 0.774016082 0.199918956
v 0.190851495 0.843420148 0.151565254
v 0.195067704 0.911489069 0.0817136616
v 0.215370044 1.008919 0.00588130206
v 0.220464036 1.01163924 0.011426799
v 0.204425588 0.91486609 0.0937333405
v 0.199020699 0.846850336 0.161512837
v 0.178458437 0.772278368 0.21105215
v 0.122618899 0.684593678 0.215711668
v 0.0782463551 0.639660537 0.191427112
v -0.0506853461 0.650360346 0.129231483
v -0.0439535789 0.662100136 0.129390419
v -0.0340799764 0.683298349 0.206076533
v -0.00697654765 0.732758582 0.248860031
v 0.0416667499 0.818960011 0.276337981
v 0.0848216116 0.892442226 0.243210644
v 0.127967641 0.964510918 0.183220357
v 0.188840047 1.06766593 0.126964316
v 0.19025895 1.07054591 0.134789318
v 0.129541114 0.968086362 0.199231282
v 0.0865026712 0.896073997 0.256700873
v 0.0402228832 0.817120194 0.28933391
v -0.0122321192 0.724283278 0.261994779
v -0.0381354019 0.67670995 0.215280861
v -0.116752632 0.686950445 0.0886666551
v -0.110783152 0.699360132 0.0925067589
v -0.144039556 0.721767664 0.166961297
v -0.143163726 0.774049997 0.220359534
v -0.11449711 0.865169823 0.27180931
v -0.0574652776 0.942844927 0.265688658
v 0.0143201649 1.0190258 0.235381395
v 0.100002609 1.12806678 0.218170777
v 0.0969793275 1.13111115 0.225994006
v 0.00693766028 1.02280521 0.250658393
v -0.0633658245 0.946683884 0.278755635
v -0.122937649 0.863224983 0.282715172
v -0.155110046 0.765091062 0.229296982
v -0.152746245 0.714803398 0.173019767
v -0.153557718 0.724542916 0.0179840513
v -0.150202066 0.737640798 0.0246604513
v -0.220240861 0.761290789 0.0743681416
v -0.248051286 0.816472292 0.123251356
v -0.249619097 0.912645042 0.185240895
v -0.194627643 0.994627595 0.210213438
v -0.113302216 1.07503319 0.221152484
v -0.0263915509 1.19012094 0.251403153
v -0.0333236605 1.1933341 0.256878257
v -0.128179818 1.07902217 0.231052727
v -0.206977651 0.998679399 0.21890305
v -0.263114512 0.910592377 0.190611735
v -0.2636711 0.807016551 0.124961302
v -0.231380939 0.753940284 0.0752015412
v -0.149809539 0.763138056 -0.0637847185
v -0.150232196 0.776942372 -0.0559395179
v -0.240144685 0.801868021 -0.0471377075
v -0.2910676 0.860025823 -0.0170424115
v -0.324872911 0.961386025 0.038714923
v -0.287701696 1.04779065 0.0902156532
v -0.219155788 1.13253331 0.14265649
v -0.155595407 1.25382888 0.215638295
v -0.164784491 1.25721538 0.217016235
v -0.237911001 1.13673747 0.143925071
v -0.303516686 1.05206096 0.0916988775
v -0.3400006 0.959222555 0.0365712494
v -0.306223154 0.850060046 -0.0236363448
v -0.250752002 0.794120967 -0.0521929264
v -0.105306625 0.802735925 -0.135048121
v -0.109690957 0.817265034 -0.128058493
v -0.196781516 0.843499362 -0.165795982
v -0.258896351 0.90471071 -0.16410777
v -0.318355501 1.01139283 -0.130128086
v -0.310436696 1.10233426 -0.0638867244
v -0.274171174 1.19152641 0.0192071572
v -0.252948821 1.31919074 0.118625142
v -0.262093186 1.3227551 0.115207694
v -0.292048723 1.19595122 0.0108142123
v -0.325722218 1.10682881 -0.0705841333
v -0.331162184 1.00911582 -0.139806181
v -0.26946187 0.894221604 -0.177887172
v -0.203952089 0.835345507 -0.175844386
v -0.0302176252 0.843336463 -0.177339569
v -0.0377430543 0.858608723 -0.173063964
v -0.0994350463 0.886184633 -0.251262635
v -0.157656342 0.950526834 -0.280610919
v -0.229479268 1.06266546 -0.278805971
v -0.255098283 1.15825832 -0.213669837
v -0.262909293 1.25201249 -0.118859768
v -0.29273349 1.38620663 -0.0164543688
v -0.299481988 1.38995314 -0.0241616666
v -0.275251806 1.25666356 -0.135509163
v -0.265889227 1.1629827 -0.227463096
v -0.236498296 1.06027186 -0.294119358
v -0.160565868 0.939501226 -0.298598051
v -0.101063311 0.877613842 -0.264113665
v 0.0580944419 0.884939611 -0.179589361
v 0.0490303412 0.90097332 -0.179274872
v 0.0297332499 0.929924071 -0.281884611
v -0.0100694429 0.997474194 -0.337434739
v -0.0776331723 1.11520386 -0.370658517
v -0.133058742 1.21556282 -0.322607785
v -0.186363325 1.31399155 -0.238342077
v -0.263796151 1.45487642 -0.157718346
v -0.266318411 1.45880985 -0.168156251
v -0.189736098 1.3188746 -0.259803772
v -0.136378288 1.22052276 -0.340662748
v -0.0767121091 1.11269093 -0.388292611
v -0.00403400324 0.985898852 -0.355555326
v 0.0344635472 0.920925856 -0.29461208
v 0.139569849 0.927545249 -0.140191689
v 0.130963996 0.944358706 -0.144200802
v 0.161682934 0.974717379 -0.249125421
v 0.150925338 1.04555261 -0.319863707
v 0.103666246 1.16900778 -0.382942945
v 0.0291398019 1.27424765 -0.364407718
v -0.0606038794 1.37746334 -0.311066628
v -0.171129167 1.52520013 -0.272578061
v -0.168526083 1.52932477 -0.283516914
v -0.0535598472 1.38258386 -0.33269763
v 0.0346158817 1.27944875 -0.382833958
v 0.112898812 1.16637266 -0.398963392
v 0.165160477 1.03341436 -0.333910465
v 0.1721396 0.965281546 -0.258758426
v 0.196056962 0.971153677 -0.0667395666
v 0.189852804 0.98876524 -0.0744905397
v 0.26736325 1.02056491 -0.158583164
v 0.290126741 1.09476256 -0.229878217
v 0.275123417 1.22407794 -0.310931444
v 0.196668193 1.33431339 -0.328139246
v 0.0877894983 1.44242859 -0.319784343
v -0.0336699933 1.59717822 -0.334993541
v -0.0261510462 1.6014986 -0.344038785
v 0.10443531 1.44779217 -0.336790681
v 0.210356414 1.33976138 -0.342869341
v 0.291215241 1.22131765 -0.321663499
v 0.309990704 1.08204806 -0.236439094
v 0.281636477 1.01068115 -0.162760228
v 0.21501559 1.01576424 0.0261651203
v 0.21269618 1.03419232 0.0160552636
v 0.323839426 1.06746602 -0.0278950203
v 0.377642423 1.14510334 -0.0846523643
v 0.400330514 1.28041339 -0.167734727
v 0.334302425 1.39575922 -0.21953851
v 0.228030398 1.50888658 -0.261096597
v 0.120618597 1.67081022 -0.330539405
v 0.131803274 1.67533088 -0.335638225
v 0.251420826 1.51449871 -0.269544303
v 0.353875399 1.40145981 -0.227186635
v 0.420350134 1.27752531 -0.170529634
v 0.399318159 1.13179934 -0.0818099529
v 0.339170486 1.05712414 -0.0253470652
v 0.19169198 1.06137764 0.120296471
v 0.193992257 1.08064032 0.109716803
v 0.318529695 1.11542141 0.117583938
v 0.394580692 1.19657528 0.0878785104
v 0.452929497 1.33801472 0.0194839835
v 0.41356039 1.4585855 -0.0587824509
v 0.331615865 1.5768373 -0.145251483
v 0.260983288 1.74609578 -0.258565098
v 0.273816168 1.75082111 -0.258411884
v 0.357468933 1.58270371 -0.142838478
v 0.435451388 1.4645443 -0.0573103353
v 0.473086268 1.33499575 0.0257386267
v 0.413797587 1.18266869 0.10019362
v 0.331882805 1.1046108 0.126802027
v 0.129554287 1.10799384 0.197542191
v 0.136335701 1.12810969 0.188514307
v 0.250986874 1.1644311 0.25015229
v 0.336007148 1.24917901 0.255080402
v 0.421068192 1.39688241 0.215633124
v 0.417777061 1.52279305 0.124315456
v 0.377687633 1.64628196 0.00669981539
v 0.359996319 1.82303643 -0.131440908
v 0.37209636 1.8279711 -0.125712693
v 0.401149273 1.65240812 0.0202346146
v 0.437891424 1.52901566 0.135234699
v 0.437458694 1.39372969 0.230331287
v 0.348871171 1.23465657 0.275114477
v 0.25963828 1.15314174 0.264699578
v 0.0391560644 1.15561223 0.243241072
v 0.0494502857 1.1765995 0.237544164
v 0.13224265 1.21449423 0.345022559
v 0.211004362 1.30291355 0.385937601
v 0.308702528 1.45701551 0.384664088
v 0.344460934 1.58838069 0.296408474
v 0.356420785 1.71721935 0.167460471
v 0.398423582 1.90163112 0.0285348296
v 0.407492191 1.90677953 0.0391389728
v 0.372970551 1.72361088 0.190330774
v 0.358941108 1.59487295 0.315364778
v 0.318031728 1.45372629 0.405627817
v 0.2147073 1.28776193 0.410473704
v 0.134275675 1.20271587 0.362545103
v -0.0641558841 1.20423317 0.248577327
v -0.0519591197 1.22611022 0.247439206
v -0.0178364534 1.26561129 0.38454169
v 0.040218588 1.35777915 0.45645535
v 0.133942157 1.51841426 0.496022642
v 0.204880714 1.65534866 0.426746964
v 0.270099431 1.78964949 0.308713496
v 0.368139178 1.98187923 0.193701506
v 0.372364372 1.98724604 0.207604155
v 0.276342034 1.79631186 0.337441832
v 0.210782468 1.66211605 0.45087716
v 0.134092838 1.51498556 0.519917846
v 0.0335117131 1.34198523 0.481410325
v -0.0232094415 1.25333369 0.402108133
v -0.163127542 1.25385714 0.211734995
v -0.150994971 1.2766422 0.21563524
v -0.174444273 1.31778288 0.36076957
v -0.148331493 1.41377652 0.45332253
v -0.074866429 1.58107936 0.529517829
v 0.0213319138 1.72369766 0.492254525
v 0.132006109 1.86357319 0.40600127
v 0.272839487 2.06378222 0.336064577
v 0.271193445 2.0693717 0.351094604
v 0.126224533 1.87051225 0.436041415
v 0.0171054527 1.73074603 0.517755866
v -0.0844980404 1.57750821 0.552441835
v -0.164956331 1.39732695 0.474455357
v -0.186770439 1.30499566 0.375378847
v -0.241520599 1.30448318 0.13779512
v -0.231448635 1.32819486 0.146401778
v -0.312167197 1.37100816 0.276216418
v -0.324253678 1.47090483 0.375468403
v -0.284360409 1.64500999 0.478018641
v -0.177143618 1.79342723 0.48085171
v -0.0363879353 1.93899 0.442496777
v 0.126748219 2.14733934 0.431887746
v 0.119139448 2.15315628 0.445645034
v -0.0539852828 1.9462111 0.468993902
v -0.191428423 1.80076206 0.503618598
v -0.30279547 1.64129376 0.496145785
v -0.348677486 1.45378637 0.389072895
v -0.329850793 1.35770106 0.285287142
v -0.286605656 1.356112 0.0375495851
v -0.28030777 1.38076842 0.0497866832
v -0.409009367 1.42528749 0.142855942
v -0.459689587 1.52916443 0.233534187
v -0.461685956 1.71020675 0.347829282
v -0.359705031 1.86453748 0.392725497
v -0.209265769 2.01590014 0.411210984
v -0.0482250154 2.2325511 0.465177596
v -0.0609552115 2.23859978 0.475412637
v -0.236614078 2.02340913 0.429766685
v -0.382400215 1.87216473 0.408997536
v -0.48654592 1.70634246 0.35800761
v -0.488528371 1.51136398 0.237008348
v -0.429582864 1.41145015 0.144621968
v -0.290885031 1.40874314 -0.0744409263
v -0.289539516 1.43436277 -0.0602175295
v -0.449517816 1.48062062 -0.0202066805
v -0.533374071 1.5885551 0.0476152152
v -0.579425573 1.77666903 0.15698722
v -0.498467475 1.93702817 0.239615545
v -0.360607207 2.09430313 0.315496892
v -0.226227582 2.31941676 0.429662377
v -0.242448851 2.32570148 0.434611857
v -0.39413023 2.10210514 0.322822392
v -0.526623964 1.9449532 0.246536374
v -0.607316017 1.7726537 0.157200143
v -0.562510967 1.5700593 0.0398317724
v -0.470028937 1.46624279 -0.0264458973
v -0.252898574 1.46237707 -0.182166636
v -0.256987989 1.48897803 -0.167920813
v -0.426671028 1.53700793 -0.189900339
v -0.533364773 1.64907718 -0.156177536
v -0.619285703 1.84439731 -0.0680034384
v -0.572394848 2.01089954 0.0424701646
v -0.467985779 2.17419934 0.167989463
v -0.381444037 2.40793681 0.329162091
v -0.398987472 2.41446233 0.327795386
v -0.503141284 2.18230057 0.162361324
v -0.602213502 2.01912808 0.0384847
v -0.646305799 1.8402282 -0.0783660784
v -0.55855912 1.6298728 -0.174734861
v -0.444118798 1.52207935 -0.20369786
v -0.17710489 1.51701355 -0.270484447
v -0.186361551 1.5446142 -0.258220226
v -0.34240672 1.59444952 -0.342627883
v -0.458209395 1.71073067 -0.349693924
v -0.57416153 1.91339183 -0.296337396
v -0.569871783 2.08615208 -0.171983063
v -0.51551187 2.25558949 -0.0116667002
v -0.491705567 2.49811172 0.176503435
v -0.508175969 2.50488257 0.168653056
v -0.547442198 2.26399493 -0.0301942378
v -0.597248137 2.09468985 -0.186935157
v -0.596457303 1.90906596 -0.316419423
v -0.475690126 1.6908046 -0.377026677
v -0.354160726 1.5789597 -0.362472117
v -0.0729708225 1.57265234 -0.327112138
v -0.0864260942 1.60127115 -0.318603784
v -0.206889406 1.65294468 -0.457473814
v -0.316587955 1.77351511 -0.506646633
v -0.448504329 1.98365188 -0.497288674
v -0.489772856 2.16278458 -0.375147641
v -0.495631456 2.33847213 -0.199839175
v -0.541289568 2.58994031 -0.00869008899
v -0.554391086 2.59696078 -0.0223210752
v -0.51982218 2.34718752 -0.229472741
v -0.510854244 2.1716373 -0.399650156
v -0.462785721 1.97916639 -0.524908364
v -0.323552012 1.75285399 -0.539536893
v -0.211036563 1.6368835 -0.481010318
v 0.046519462 1.62929392 -0.344079822
v 0.0303971581 1.65894902 -0.340645939
v -0.0367594399 1.71249402 -0.518787742
v -0.125655115 1.83743083 -0.605936646
v -0.257137954 2.05517793 -0.644207835
v -0.341059268 2.240798 -0.540381432
v -0.409671694 2.42284822 -0.372197419
v -0.522624969 2.68342352 -0.20291546
v -0.530457377 2.69069815 -0.220859796
v -0.42253083 2.43187928 -0.409667313
v -0.352740079 2.24997139 -0.571750879
v -0.261095405 2.05052996 -0.676163793
v -0.120613903 1.81602144 -0.640385151
v -0.0323395953 1.69585109 -0.5431391
v 0.166670442 1.68693769 -0.318508923
v 0.149774432 1.71764767 -0.320855409
v 0.147284701 1.77309692 -0.517877698
v 0.0915461034 1.90247762 -0.63403362
v -0.0228662491 2.1279695 -0.717655897
v -0.141136527 2.32019186 -0.646239519
v -0.267217249 2.5087173 -0.506802917
v -0.436822444 2.77856064 -0.381940603
v -0.438111871 2.78609419 -0.402163446
v -0.266508907 2.51806974 -0.547797263
v -0.141433954 2.32969141 -0.680882573
v -0.0154430568 2.12315631 -0.750144958
v 0.108602986 1.88030684 -0.665773332
v 0.160175055 1.75586224 -0.540012121
v 0.272943586 1.74558437 -0.252706856
v 0.257294029 1.77736747 -0.260852188
v 0.323200703 1.83475435 -0.453713804
v 0.309175402 1.96865606 -0.586235046
v 0.226695254 2.20202756 -0.707397342
v 0.0866843164 2.40096664 -0.678812027
v -0.0845282674 2.59608006 -0.586649179
v -0.293096036 2.87535286 -0.52378118
v -0.287338674 2.88314962 -0.543935418
v -0.0696201026 2.60575914 -0.626352668
v 0.0984096676 2.41079831 -0.712674856
v 0.245196447 2.19704604 -0.736483932
v 0.336803705 1.94571054 -0.611250997
v 0.343437791 1.81691742 -0.470814109
v 0.352648169 1.80523336 -0.153642446
v 0.34015429 1.83810782 -0.16692692
v 0.470246822 1.89746535 -0.332671016
v 0.501756907 2.03596544 -0.466780335
v 0.462590039 2.2773509 -0.613142908
v 0.316208541 2.48312187 -0.632980764
v 0.117695034 2.68493557 -0.601410985
v -0.107281178 2.97379899 -0.611165524
v -0.094789058 2.9818635 -0.628871202
v 0.145784467 2.69494724 -0.635074854
v 0.33920002 2.49329114 -0.662029922
v 0.490564883 2.27219844 -0.635220885
v 0.53725028 2.01223183 -0.481774002
v 0.495827675 1.87901592 -0.342459708
v 0.396292031 1.8658855 -0.0319293588
v 0.388538331 1.8998698 -0.0491007715
v 0.571270883 1.96123111 -0.167444721
v 0.647050381 2.10440683 -0.287932396
v 0.657870054 2.3539412 -0.44409436
v 0.521471024 2.56665874 -0.512566566
v 0.316880822 2.77528548 -0.548283756
v 0.100291491 3.0739007 -0.633257687
v 0.118438855 3.08223724 -0.646371007
v 0.355623931 2.78563499 -0.571761489
v 0.553684115 2.57717133 -0.533244133
v 0.692614853 2.34861469 -0.456288517
v 0.686766386 2.07987189 -0.290682435
v 0.599553645 1.94215882 -0.16843234
v 0.39846471 1.92753935 0.099505417
v 0.396543413 1.96265185 0.0801454931
v 0.614412189 2.02605009 0.0246377327
v 0.728327036 2.17397857 -0.0682543442
v 0.790445805 2.43179655 -0.217484877
v 0.679564059 2.65157557 -0.32948494
v 0.491143644 2.8671279 -0.431933373
v 0.307235122 3.17565584 -0.586537004
v 0.329320818 3.18426943 -0.59338069
v 0.536803901 2.87782097 -0.442123234
v 0.717910171 2.66243696 -0.339089423
v 0.828469992 2.42629337 -0.21795325
v 0.768099487 2.14862943 -0.0578417592
v 0.642414868 2.00634456 0.033002682
v 0.358222574 1.99019611 0.226905838
v 0.362626076 2.02645516 0.2073154
v 0.594114244 2.09192324 0.223678008
v 0.735887766 2.24468184 0.169661745
v 0.845204473 2.5109179 0.0436333194
v 0.772928774 2.73787284 -0.102094874
v 0.621580243 2.96046329 -0.26364249
v 0.491586506 3.27906513 -0.474820614
v 0.515447915 3.28795958 -0.474353969
v 0.669626176 2.9715054 -0.258799314
v 0.813618302 2.749089 -0.0990531147
v 0.882612228 2.50523496 0.0555210039
v 0.771475554 2.21850491 0.192776993
v 0.618834972 2.07157445 0.240965575
v 0.278976887 2.05385518 0.337132424
v 0.289556682 2.09127903 0.319324762
v 0.511399031 2.15885043 0.409365326
v 0.66772902 2.31651616 0.401699305
v 0.815233588 2.59130502 0.313026249
v 0.790906072 2.82555103 0.146987751
v 0.694069684 3.05529213 -0.0598414838
v 0.634040654 3.38412905 -0.308524817
v 0.657297671 3.39330959 -0.300440222
v 0.739651203 3.06668901 -0.0397339761
v 0.829847217 2.83712769 0.162976995
v 0.848128736 2.58543944 0.336642981
v 0.695250988 2.28949833 0.435746849
v 0.530123711 2.13784766 0.434223294
v 0.167956412 2.11851668 0.418943405
v 0.183947921 2.15712357 0.404786527
v 0.373464406 2.22683144 0.56301719
v 0.529388309 2.38948178 0.604686975
v 0.702131271 2.67295814 0.564033926
v 0.730478764 2.91460991 0.393335074
v 0.700457394 3.15161419 0.159762666
v 0.719747424 3.49084735 -0.103325367
v 0.740041792 3.50031805 -0.0880675316
v 0.738891363 3.16337156 0.193852037
v 0.76368773 2.9265523 0.421290755
v 0.727003515 2.66690707 0.597576737
v 0.545702755 2.3616097 0.646781504
v 0.384031117 2.20516467 0.593319356
v 0.0353391171 2.18418074 0.463991642
v 0.0554444045 2.22398925 0.455031008
v 0.19271186 2.29586649 0.669305861
v 0.333071142 2.4635787 0.758589268
v 0.515468121 2.75587726 0.772160172
v 0.596218467 3.00504947 0.613145471
v 0.639072895 3.2494297 0.374236465
v 0.739543676 3.59922028 0.121594906
v 0.754765391 3.6089859 0.142882824
v 0.666291118 3.26155305 0.419657648
v 0.620200872 3.01736355 0.650917947
v 0.529524803 2.74963784 0.812841296
v 0.336066186 2.43483925 0.805024683
v 0.193710521 2.27352548 0.702368081
v -0.106829531 2.25084758 0.467476487
v -0.084312655 2.29187584 0.464795858
v -0.0146442568 2.36595559 0.717542291
v 0.0962117836 2.53880692 0.84823972
v 0.27153641 2.84006214 0.917266548
v 0.399518102 3.09686947 0.785441995
v 0.514595389 3.34873843 0.563433766
v 0.690554261 3.70924735 0.345498741
v 0.699034631 3.71931195 0.371092379
v 0.527514398 3.361233 0.616436422
v 0.411587596 3.10956097 0.829930544
v 0.272951931 2.83363152 0.961587608
v 0.0849873051 2.50918674 0.894846797
v -0.0237517469 2.34292984 0.750380635
v -0.245809644 2.31851745 0.428424776
v -0.222827792 2.36078382 0.43255505
v -0.230213761 2.43709922 0.702442884
v -0.160336733 2.6151669 0.864504576
v -0.00842385739 2.92551351 0.985209346
v 0.15725778 3.19007111 0.89385283
v 0.337348044 3.44954109 0.709790707
v 0.576172888 3.82092977 0.548046827
v 0.576828957 3.83129811 0.57580483
v 0.334133804 3.46241283 0.765879631
v 0.155767068 3.20314574 0.941300392
v -0.020356819 2.91888905 1.02928853
v -0.185405582 2.58465266 0.907034576
v -0.249057531 2.41337848 0.732048094
v -0.369319081 2.38718891 0.349612534
v -0.347888917 2.43071198 0.360493153
v -0.435144305 2.5092957 0.624361515
v -0.414286822 2.69265747 0.804825425
v -0.300308228 3.01223016 0.968824744
v -0.109917969 3.28465271 0.927852392
v 0.122146547 3.55183625 0.799759388
v 0.405494511 3.93426585 0.711069286
v 0.39791584 3.94494247 0.738627672
v 0.102357596 3.56509066 0.854099751
v -0.125447348 3.29811597 0.974184752
v -0.325132847 3.00540876 1.00874269
v -0.451600909 2.66123605 0.839324415
v -0.462492108 2.4848702 0.647963464
v -0.466565251 2.4568634 0.237167478
v -0.448600322 2.50166106 0.254160076
v -0.611754894 2.58254671 0.489018977
v -0.643885851 2.77127934 0.673158407
v -0.579335332 3.10021305 0.868244827
v -0.379530638 3.38061523 0.883414507
v -0.113164902 3.6556251 0.824798167
v 0.19228822 4.0492568 0.820032179
v 0.176762044 4.06024599 0.84500885
v -0.148559943 3.66926765 0.87263298
v -0.408384323 3.39447284 0.924592257
v -0.615486026 3.09319162 0.900379896
v -0.690775871 2.73893785 0.696300089
v -0.645629585 2.55740571 0.504319608
v -0.529077947 2.52753973 0.0999200046
v -0.516231894 2.57363081 0.121869586
v -0.744954348 2.65685153 0.306801736
v -0.829699636 2.85103226 0.47936976
v -0.822132885 3.18946123 0.69057703
v -0.629212201 3.47795796 0.763070047
v -0.349323511 3.7609067 0.781867683
v -0.0463447571 4.16590118 0.865087986
v -0.0688668787 4.17720795 0.885280371
v -0.398045838 3.77494287 0.818910599
v -0.669558764 3.49221563 0.795422912
v -0.867080986 3.18223715 0.711900651
v -0.882662356 2.81775689 0.488722026
v -0.782807946 2.63098478 0.312158406
v -0.55129689 2.59921932 -0.0514218882
v -0.544833899 2.64662194 -0.0260867551
v -0.823351979 2.7322104 0.0917293876
v -0.956085086 2.93191671 0.238194436
v -1.00856674 3.27997565 0.449041426
v -0.838506818 3.57668161 0.575431764
v -0.567263663 3.8676815 0.673449099
v -0.291492224 4.28420067 0.841677964
v -0.319480419 4.29582882 0.855237901
v -0.625925958 3.88211727 0.696222961
v -0.887560904 3.59134483 0.595948577
v -1.05903697 3.27254629 0.45735389
v -1.01107657 2.89769459 0.232402861
v -0.8622787 2.70560765 0.0862781852
v -0.53088969 2.67190099 -0.205187663
v -0.531590998 2.72063375 -0.178326279
v -0.840000212 2.80862331 -0.139792711
v -1.01226282 3.01393223 -0.0321199596
v -1.1231885 3.37175632 0.161680907
v -0.990399003 3.67678642 0.334265441
v -0.749606311 3.97595024 0.507118464
v -0.523991227 4.40415478 0.750666499
v -0.555464923 4.41610909 0.756240249
v -0.813992977 3.99079108 0.513216376
v -1.04465222 3.69186091 0.340821177
v -1.17542553 3.3641181 0.155772194
v -1.06502271 2.97874999 -0.0532408915
v -0.876968861 2.78127408 -0.156079978
v -0.468800306 2.74558592 -0.349677563
v -0.476911187 2.79566693 -0.323291391
v -0.792746603 2.88609076 -0.370325416
v -0.992944419 3.09707975 -0.31134969
v -1.15622568 3.46480322 -0.150211215
v -1.07247329 3.77827215 0.0572324395
v -0.881917179 4.08571291 0.294765621
v -0.72590065 4.52576399 0.598061681
v -0.758585334 4.53804922 0.594885826
v -0.947316766 4.10096455 0.28301999
v -1.12797141 3.79376388 0.0487380624
v -1.20628703 3.456954 -0.17048265
v -1.03932261 3.06092429 -0.346818268
v -0.824832797 2.85798502 -0.396650434
v -0.369049668 2.82027268 -0.474026024
v -0.384268463 2.87172008 -0.450108737
v -0.68420279 2.96461129 -0.582726359
v -0.898506761 3.18135762 -0.578871429
v -1.10408318 3.55911541 -0.463799834
v -1.07765532 3.88113809 -0.235576451
v -0.95366466 4.19696808 0.0515382886
v -0.881788611 4.64902687 0.394360006
v -0.913288474 4.66164732 0.382310808
v -1.01522505 4.21263552 0.0220906734
v -1.13029683 3.89705253 -0.259107202
v -1.14813304 3.55105186 -0.497510731
v -0.934770107 3.14421558 -0.62662679
v -0.708804607 2.93573856 -0.61753428
v -0.238321841 2.89596224 -0.568964362
v -0.259829134 2.9487946 -0.54935801
v -0.521367311 3.04418635 -0.761387467
v -0.734740257 3.26676726 -0.815178633
v -0.969357252 3.6546936 -0.756428719
v -1.00451076 3.9853847 -0.52319777
v -0.958824992 4.30971622 -0.205389053
v -0.979747772 4.7739439 0.153604984
v -1.00772011 4.78690434 0.1331985
v -1.01190579 4.32580566 -0.251115203
v -1.05034482 4.00172758 -0.5606637
v -1.00394249 3.64641285 -0.801671684
v -0.757835746 3.2286253 -0.872243762
v -0.53638804 3.01453638 -0.802489221
v -0.0853937268 2.9726541 -0.627402842
v -0.111916468 3.02688956 -0.613670707
v -0.314964235 3.12481546 -0.893266678
v -0.512233317 3.35330796 -1.00320435
v -0.76041472 3.7515378 -1.00720286
v -0.857129335 4.091012 -0.785300136
v -0.896134138 4.4239583 -0.458098769
v -1.01209867 4.90051603 -0.107736975
v -1.03441763 4.91382027 -0.135389417
v -0.936629653 4.44047499 -0.517514825
v -0.892631173 4.10778904 -0.834604323
v -0.782701731 3.74303722 -1.06123304
v -0.519993722 3.31415296 -1.06590688
v -0.318953633 3.09437776 -0.938000679
v 0.0795498043 3.05034828 -0.644838929
v 0.0496453196 3.10600519 -0.638162017
v -0.0785624906 3.20649791 -0.968688369
v -0.245458528 3.44097948 -1.12940192
v -0.49059397 3.84964752 -1.19835711
v -0.644628763 4.19801998 -1.00355721
v -0.768988132 4.53969336 -0.689190447
v -0.975751162 5.02874279 -0.372001231
v -0.990650296 5.04239559 -0.405276597
v -0.793600917 4.55664301 -0.758734703
v -0.666935802 4.21523666 -1.06176305
v -0.498555243 3.84092426 -1.25779045
v -0.236739501 3.40079808 -1.19363451
v -0.0708074123 3.17526245 -1.01410866
v 0.245649427 3.12904501 -0.619558334
v 0.214243948 3.18614197 -0.620661557
v 0.172438502 3.2892344 -0.981861115
v 0.0483407453 3.5297823 -1.18451715
v -0.177126795 3.94902325 -1.31632471
v -0.380357057 4.30640841 -1.16279781
v -0.585042 4.65692091 -0.88292563
v -0.872240543 5.15862274 -0.62155354
v -0.878426194 5.17262888 -0.658431828
v -0.591493189 4.67430925 -0.958312869
v -0.387450606 4.32407045 -1.22633517
v -0.169665158 3.94007397 -1.37737226
v 0.0735977143 3.48856139 -1.24601603
v 0.191875994 3.25719094 -1.02493751
v 0.402102411 3.208745 -0.552642345
v 0.371198624 3.26730013 -0.561753452
v 0.4218795 3.37302566 -0.931109309
v 0.350377679 3.61971712 -1.16402793
v 0.160132974 4.04966545 -1.35246336
v -0.0808597803 4.41617823 -1.25187421
v -0.35554564 4.77564287 -1.02619052
v -0.707444787 5.29015779 -0.839937508
v -0.704174221 5.30452204 -0.878137946
v -0.342709541 4.79347515 -1.10269964
v -0.0716861486 4.43429136 -1.31678009
v 0.183124214 4.04048777 -1.41118169
v 0.391154766 3.5774436 -1.21865273
v 0.452175677 3.34016371 -0.968925059
v 0.538846135 3.28944731 -0.447798222
v 0.51044023 3.34947896 -0.464639008
v 0.653894722 3.45787072 -0.818829179
v 0.641570508 3.71078324 -1.06825972
v 0.500063777 4.15157366 -1.30342221
v 0.235284984 4.52732944 -1.26422262
v -0.0945002139 4.89585924 -1.10923028
v -0.491056412 5.4233489 -1.01287365
v -0.478177994 5.43807554 -1.05000234
v -0.0624619424 4.91414118 -1.18200874
v 0.260759652 4.54589939 -1.32639575
v 0.537706435 4.14216471 -1.35596573
v 0.695851326 3.66744351 -1.11225355
v 0.69352591 3.42418003 -0.8487643
v 0.64715755 3.37115192 -0.311031848
v 0.623115897 3.43267846 -0.334842145
v 0.853887856 3.54376912 -0.651190221
v 0.903738797 3.80297995 -0.902186632
v 0.821634352 4.25474739 -1.17115724
v 0.548693419 4.63986063 -1.19810319
v 0.182309479 5.01756763 -1.12613535
v -0.235844135 5.55819321 -1.129071
v -0.213799477 5.57328653 -1.16277027
v 0.232274115 5.03630495 -1.1905005
v 0.589493752 4.65889311 -1.25356078
v 0.872131705 4.24510431 -1.21401417
v 0.968645275 3.75856113 -0.932403684
v 0.900732756 3.50923967 -0.671080053
v 0.720129848 3.45385909 -0.150203124
v 0.702078164 3.51689911 -0.179792121
v 1.00936592 3.63072205 -0.437627375
v 1.12066889 3.89630818 -0.674963534
v 1.10517263 4.35918713 -0.962620735
v 0.840380549 4.75377226 -1.05653083
v 0.458339512 5.140769 -1.07505691
v 0.0432390571 5.69469166 -1.18079805
v 0.0734488368 5.71015644 -1.20888841
v 0.523855448 5.15996742 -1.12677646
v 0.894592643 4.77327251 -1.10164607
v 1.1659286 4.34930658 -0.992821217
v 1.19264507 3.8507967 -0.689051628
v 1.06084132 3.59534311 -0.445887119
v 0.753016055 3.53756833 0.0255031139
v 0.742246509 3.60213995 -0.00831840932
v 1.11060262 3.7187283 -0.190167695
v 1.27900052 3.99076748 -0.399236679
v 1.3334775 4.46489239 -0.689171374
v 1.09286427 4.86906433 -0.84692502
v 0.717288077 5.26546383 -0.958169103
v 0.330013573 5.83284473 -1.16420865
v 0.366893381 5.84868479 -1.18481469
v 0.795033932 5.28512859 -0.993704736
v 1.15775955 4.88903904 -0.878636658
v 1.40125918 4.454772 -0.704455554
v 1.35402977 3.94415021 -0.39576596
v 1.16382051 3.68249011 -0.185879171
v 0.743427038 3.62228036 0.206155449
v 0.740828216 3.68840194 0.169909731
v 1.15110171 3.80778885 0.0773559958
v 1.36889672 4.08635807 -0.0902904049
v 1.49272346 4.57186365 -0.365765363
v 1.29112053 4.9857378 -0.58052963
v 0.944026709 5.39165211 -0.781405747
v 0.608048201 5.97265244 -1.0794338
v 0.64970082 5.98887253 -1.09108806
v 1.02993655 5.41178846 -0.798108041
v 1.3633225 5.00619125 -0.596511185
v 1.56385422 4.56150055 -0.364704788
v 1.44273818 4.0386219 -0.0688244179
v 1.20303845 3.7706809 0.0943997428
v 0.691382289 3.70799541 0.381656766
v 0.697394013 3.77568531 0.344953209
v 1.12784708 3.89790416 0.350143224
v 1.38447165 4.18308067 0.234903336
v 1.57311761 4.68010187 -0.00998719037
v 1.42334127 5.10379219 -0.271642059
v 1.12540984 5.51933479 -0.553987503
v 0.861594558 6.11411572 -0.930422664
v 0.905831516 6.13072062 -0.932143569
v 1.21490967 5.53994894 -0.550234437
v 1.49902177 5.12473106 -0.270423502
v 1.64368844 4.66949272 0.0079447329
v 1.45290017 4.13421202 0.273794472
v 1.17551494 3.85991573 0.379434496
v 0.599228024 3.79471254 0.542306066
v 0.613822222 3.86398911 0.507159054
v 1.0413512 3.98907256 0.61327225
v 1.32398009 4.28093338 0.558673322
v 1.56930089 4.78960514 0.359000981
v 1.48147225 5.22322702 0.0632693172
v 1.25092769 5.64850998 -0.287813574
v 1.07642651 6.25723267 -0.724609256
v 1.12089169 6.27422667 -0.715949535
v 1.33919263 5.66960716 -0.263087183
v 1.55656695 5.24465656 0.0822305083
v 1.63538694 4.77874708 0.393410474
v 1.38301802 4.23091936 0.613455772
v 1.08196187 3.95019388 0.653624773
v 0.47143048 3.8824327 0.679305792
v 0.494118512 3.95331407 0.647669733
v 0.895506561 4.08129549 0.852506101
v 1.18976903 4.3799181 0.863623977
v 1.48048425 4.90037441 0.721547067
v 1.46151948 5.3440423 0.406529844
v 1.31318426 5.77917767 0.00327861309
v 1.24055696 6.40200329 -0.472382069
v 1.28285408 6.41939068 -0.45344609
v 1.39539886 5.80076361 0.0483765006
v 1.53194773 5.36596823 0.442830473
v 1.53835583 4.88926506 0.771151423
v 1.23589563 4.32874537 0.931893408
v 0.926617265 4.04151583 0.902126253
v 0.314273596 3.97115421 0.785191774
v 0.344136566 4.04365921 0.758859456
v 0.697269499 4.17457151 1.05501616
v 0.988018632 4.4800334 1.13353896
v 1.31033635 5.01241016 1.05855715
v 1.36361957 5.46623898 0.740228415
v 1.30817533 5.91134024 0.304305285
v 1.34478307 6.54842949 -0.186438024
v 1.38260233 6.56621599 -0.157870233
v 1.37978601 5.93342066 0.368097633
v 1.42549849 5.48866701 0.792551041
v 1.35665131 5.00104618 1.12126207
v 1.01835012 4.42768908 1.21215582
v 0.71690774 4.13388109 1.1116035
v 0.135470375 4.06087875 0.854175389
v 0.171211213 4.13502502 0.834688008
v 0.456195861 4.26890182 1.20999587
v 0.728292465 4.58128023 1.35417438
v 1.06664491 5.12571049 1.35245478
v 1.19189644 5.58981514 1.04713905
v 1.23538685 6.04499483 0.599936724
v 1.38307774 6.69650936 0.118936002
v 1.41431212 6.71469879 0.155989826
v 1.29233158 6.06757498 0.67976892
v 1.24173689 5.61275148 1.11332989
v 1.09861517 5.11408901 1.42547035
v 0.740721285 4.52775002 1.43943286
v 0.462954521 4.22728968 1.27086663
v -0.0562655926 4.15160656 0.882373869
v -0.0162530988 4.22741318 0.870946765
v 0.183882236 4.3642869 1.30913055
v 0.422951758 4.6836586 1.51390421
v 0.760792375 5.24027777 1.58801031
v 0.954122603 5.71477318 1.31156421
v 1.09770048 6.18014336 0.875282645
v 1.35277557 6.84624386 0.428641587
v 1.37562454 6.86484051 0.47259739
v 1.13660657 6.20322895 0.967665792
v 0.988999784 5.7382226 1.38874996
v 0.776317596 5.22839642 1.66799819
v 0.416244149 4.62893009 1.60172391
v 0.176983893 4.32174349 1.37135589
v -0.251677603 4.24333572 0.867940068
v -0.209226996 4.32082033 0.865407169
v -0.106668852 4.46072531 1.34692717
v 0.0864577144 4.78716755 1.60420799
v 0.407079875 5.35611057 1.75301433
v 0.661217749 5.84111071 1.52005649
v 0.901141763 6.31678391 1.11660814
v 1.25459599 6.99763298 0.727534354
v 1.26765025 7.01664066 0.776451886
v 0.919483125 6.34038115 1.217399
v 0.678907752 5.8650794 1.60479236
v 0.404842436 5.34396553 1.83625722
v 0.0603042133 4.7312274 1.69033718
v -0.127340689 4.41723919 1.40747929
v -0.441439062 4.33606863 0.811087549
v -0.398520976 4.4152503 0.817865133
v -0.401728183 4.55821848 1.32088709
v -0.26539892 4.89180899 1.6199789
v 0.021940887 5.47320986 1.83876455
v 0.326619864 5.96883059 1.66198874
v 0.654487193 6.45492029 1.31195343
v 1.09249902 7.15067768 1.00114989
v 1.09480309 7.17010164 1.05282938
v 0.650696516 6.47903347 1.41655982
v 0.325698435 5.99332428 1.75043011
v 0.00146052241 5.46079969 1.92134762
v -0.310378611 4.83464384 1.70019996
v -0.435630739 4.51378012 1.37678468
v -0.616577625 4.42980337 0.714013457
v -0.575205922 4.51070023 0.730085552
v -0.687490821 4.65676498 1.23152709
v -0.616265178 4.99758101 1.55965424
v -0.376883835 5.59157515 1.8403616
v -0.0344143249 6.09793091 1.7299633
v 0.368774593 6.5945487 1.45163858
v 0.873403609 7.30537605 1.23636031
v 0.86449641 7.32522106 1.28844857
v 0.342306077 6.61918449 1.55523896
v -0.054513216 6.12295485 1.81804931
v -0.415236294 5.57889557 1.91835845
v -0.678560972 4.93917799 1.62998068
v -0.733454645 4.61136436 1.2799747
v -0.768887341 4.52453995 0.580735743
v -0.731026828 4.6071701 0.605659068
v -0.950727046 4.75636482 1.08226085
v -0.950009942 5.1044836 1.42517614
v -0.771218181 5.71120548 1.75681663
v -0.405581683 6.22841072 1.72005272
v 0.0567111373 6.73567009 1.52864003
v 0.606763422 7.46172857 1.42194092
v 0.586694181 7.48199844 1.4720403
v 0.0080550313 6.76083374 1.62640691
v -0.444549143 6.2539711 1.80369496
v -0.826246858 5.69825459 1.82646894
v -1.0273 5.04482889 1.48203313
v -1.00701571 4.70999146 1.12077558
v -0.89127332 4.62028027 0.416852951
v -0.858751357 4.70466232 0.449781567
v -1.17935622 4.8570199 0.879152834
v -1.25143933 5.21251822 1.22179174
v -1.14327788 5.83210278 1.59096885
v -0.770295858 6.36027288 1.63186264
v -0.267947525 6.87828588 1.538818
v 0.304065704 7.61973667 1.5490092
v 0.273385823 7.64043617 1.59478593
v -0.337298036 6.90398312 1.62613463
v -0.826971173 6.38637495 1.707129
v -1.21302438 5.81887722 1.64885342
v -1.34070277 5.15159941 1.26217151
v -1.24375057 4.8096633 0.905671239
v -0.978023052 4.71702242 0.229254141
v -0.952451468 4.8031745 0.268980771
v -1.36293697 4.95872784 0.630573988
v -1.50692976 5.32168388 0.957725048
v -1.47643399 5.95426512 1.34924841
v -1.1124177 6.49351501 1.46844685
v -0.591027021 7.02239418 1.48101568
v -0.0217292309 7.77939844 1.61134946
v -0.0619952083 7.80053234 1.65063548
v -0.678651452 7.04863071 1.55367696
v -1.18484807 6.52016449 1.53173208
v -1.55827093 5.94076252 1.39242399
v -1.6045866 5.25948668 0.979314089
v -1.43283796 4.91037798 0.64353931
v -1.02501714 4.81476688 0.025777474
v -1.00772464 4.9027071 0.0707890838
v -1.49307537 5.06148958 0.346764952
v -1.70497608 5.43198061 0.64372611
v -1.75590539 6.07769346 1.04128337
v -1.41694975 6.62813711 1.23606312
v -0.898570776 7.16799545 1.35701299
v -0.356805801 7.94071388 1.60559464
v -0.405208945 7.96228695 1.63647938
v -1.00123525 7.19477654 1.41140127
v -1.50248253 6.65534019 1.28424168
v -1.84665644 6.06391048 1.06741238
v -1.80704689 5.36849213 0.644996643
v -1.56561852 5.01213646 0.345188648
v -1.02985215 4.91351414 -0.185147926
v -1.02183139 5.00326109 -0.136603132
v -1.56371343 5.16530561 0.0393484011
v -1.83660984 5.54340839 0.292541206
v -1.9693222 6.20238733 0.679396987
v -1.6706301 6.76413965 0.943814874
v -1.17741787 7.31508923 1.17136371
v -0.687096715 8.10368347 1.53128564
v -0.741829455 8.12569904 1.55219305
v -1.29121959 7.34242058 1.20459652
v -1.76603138 6.79190159 0.974366426
v -2.06540155 6.18832064 0.686837554
v -1.93888748 5.47861576 0.272807986
v -1.63589311 5.11493826 0.0228458419
v -0.991888881 5.01326466 -0.394869447
v -0.993759155 5.10483694 -0.344707638
v -1.57130992 5.27017689 -0.279194385
v -1.89569426 5.65596867 -0.0816758946
v -2.10716558 6.32834864 0.278014183
v -1.86242938 6.90152502 0.603182733
v -1.41572464 7.46367884 0.931117415
v -0.998873949 8.26830959 1.3907907
v -1.0578481 8.29077339 1.40054226
v -1.53625965 7.4915657 0.941158056
v -1.96402359 6.92985153 0.614291131
v -2.20473003 6.31399632 0.265881538
v -1.99391985 5.58985853 -0.122235604
v -1.64010525 5.21878529 -0.31039381
v -0.912227452 5.11401701 -0.594863772
v -0.924212694 5.20743275 -0.545085907
v -1.51491046 5.37610054 -0.596049607
v -1.87908888 5.76965904 -0.463972896
v -2.16306853 6.45557547 -0.146976978
v -1.98392975 7.04029083 0.2275002
v -1.60340238 7.6137619 0.645471752
v -1.27929091 8.43459129 1.18914366
v -1.34022498 8.45750713 1.18700123
v -1.72594881 7.64221001 0.631204247
v -2.08775282 7.06918764 0.2181198
v -2.25817585 6.44093418 -0.178782642
v -1.96912479 5.70221806 -0.524335086
v -1.57740688 5.32367468 -0.641117871
v -0.79361105 5.2157712 -0.777080059
v -0.815535307 5.31104851 -0.729692042
v -1.39610982 5.48307848 -0.898599386
v -1.78668857 5.88448048 -0.839226782
v -2.13398027 6.58406734 -0.578909755
v -2.0295887 7.18043613 -0.168640018
v -1.73247504 7.76533604 0.325336933
v -1.51687765 8.60252476 0.933758259
v -1.57738924 8.62589741 0.919449568
v -1.85218358 7.79435158 0.286600471
v -2.13154817 7.20990849 -0.198750645
v -2.22274566 6.56913376 -0.62970686
v -1.86468124 5.81569529 -0.917569876
v -1.44961393 5.42960739 -0.956148982
v -0.640269756 5.31852865 -0.934237838
v -0.671568096 5.41568708 -0.891171634
v -1.21891248 5.59111071 -1.17490613
v -1.62133598 6.00043344 -1.19273686
v -2.02018404 6.71382475 -1.00101161
v -1.99686813 7.32196188 -0.56999433
v -1.79732382 7.91840363 -0.0171455741
v -1.70194244 8.77211189 0.634062052
v -1.75964212 8.79594612 0.607786059
v -1.90940785 7.94799137 -0.0795592666
v -2.09290314 7.35201597 -0.620270789
v -2.09893227 6.69859695 -1.06937158
v -1.68386292 5.93029118 -1.28652
v -1.26105452 5.53658485 -1.24304891
v -0.457721233 5.42228889 -1.06007504
v -0.497464389 5.52134514 -1.02311695
v -0.989514172 5.70019722 -1.41414094
v -1.38863063 6.11751842 -1.51076794
v -1.82519269 6.84484911 -1.39704382
v -1.88624191 7.46486902 -0.961266458
v -1.79483271 8.07296562 -0.369099826
v -1.82688856 8.94335556 0.30107677
v -1.87947083 8.96765518 0.263492107
v -1.89474964 8.10313225 -0.453485996
v -1.97247863 7.49551058 -1.03036785
v -1.89059448 6.82932377 -1.48085248
v -1.432827 6.04600525 -1.61683536
v -1.01833594 5.64460564 -1.49056554
v -0.252520978 5.5270505 -1.14956558
v -0.299454302 5.6280241 -1.12029016
v -0.716003656 5.81033659 -1.60696948
v -1.09663725 6.23573351 -1.7810452
v -1.55552161 6.977139 -1.7518971
v -1.70109534 7.60915661 -1.32768035
v -1.72443449 8.22902012 -0.717413902
v -1.8864404 9.11625385 -0.0530273914
v -1.93176889 9.14102364 -0.10083133
v -1.80805397 8.25977039 -0.821227193
v -1.7739892 7.64039135 -1.41354668
v -1.6047163 6.96131277 -1.84844017
v -1.12029755 6.16283607 -1.89574957
v -0.730026722 5.75366974 -1.68903089
v -0.0319935381 5.63281584 -1.19906306
v -0.0845859274 5.73572445 -1.17877722
v -0.408011407 5.9215312 -1.74584663
v -0.75552094 6.3550806 -1.99316168
v -1.22036803 7.11069489 -2.05211639
v -1.44751883 7.75482559 -1.65551257
v -1.58806419 8.38656902 -1.04923415
v -1.87777936 9.29080582 -0.415422082
v -1.91396439 9.31605053 -0.471969783
v -1.65181541 8.41790771 -1.16919017
v -1.50398207 7.78665829 -1.75544727
v -1.25106299 7.09456587 -2.15818501
v -0.757173777 6.28078651 -2.11250257
v -0.40628764 5.86377811 -1.83066738
v 0.196048096 5.73958254 -1.20639241
v 0.139546737 5.84444475 -1.19609118
v -0.0763233453 6.03377819 -1.82523799
v -0.377122462 6.4755578 -2.13890004
v -0.831200242 7.2455163 -2.28633833
v -1.13400817 7.90187454 -1.93255734
v -1.39001119 8.54561043 -1.35242248
v -1.80056381 9.46701241 -0.773103058
v -1.82602715 9.49273586 -0.836589336
v -1.43100584 8.57754421 -1.48462272
v -1.17151642 7.93431187 -2.04333043
v -0.841748774 7.22908115 -2.39834929
v -0.356076419 6.39985371 -2.25867224
v -0.0584637523 5.97492886 -1.90981388
v 0.423605144 5.84735346 -1.17089057
v 0.365099639 5.95418739 -1.17122483
v 0.267544001 6.14708138 -1.84176469
v 0.0255152211 6.59716797 -2.21246576
v -0.401286274 7.38160467 -2.44563818
v -0.771097898 8.05030441 -2.14851737
v -1.13670611 8.70614433 -1.61596549
v -1.65688276 9.64487267 -1.11335349
v -1.67041135 9.67108059 -1.18171024
v -1.15283489 8.73867989 -1.75604081
v -0.787774086 8.08335209 -2.26648426
v -0.390739352 7.36486006 -2.55976439
v 0.0691543669 6.52004004 -2.32840776
v 0.301360846 6.0871253 -1.92307103
v 0.642760158 5.95612717 -1.09338343
v 0.584243 6.06495047 -1.1046406
v 0.611749709 6.26143885 -1.79425585
v 0.438622266 6.71991014 -2.21061826
v 0.0548126101 7.51896048 -2.52377033
v -0.370937616 8.20011806 -2.29530716
v -0.836432695 8.86817646 -1.83032501
v -1.45110214 9.82439232 -1.42417789
v -1.45188594 9.85108757 -1.49514818
v -0.826430678 8.9013176 -1.9735918
v -0.365611225 8.23378086 -2.41653872
v 0.086679548 7.50190401 -2.6360743
v 0.503962278 6.6413455 -2.31856251
v 0.660788655 6.20036554 -1.86935353
v 0.845954537 6.06590128 -0.976121843
v 0.789436996 6.17673349 -0.998218894
v 0.944547057 6.3768487 -1.68373334
v 0.848193169 6.84378147 -2.13271427
v 0.521767259 7.65757942 -2.51730704
v 0.0531539917 8.35130882 -2.36726713
v -0.499011397 9.03169823 -1.98772132
v -1.18967915 10.0055628 -1.69468713
v -1.1773361 10.0327511 -1.76590395
v -0.462494016 9.06544971 -2.12934303
v 0.0809131861 8.38559341 -2.48768711
v 0.574453175 7.64020824 -2.62387753
v 0.933593035 6.76376677 -2.22872734
v 1.0075469 6.31464767 -1.7498678
v 1.02623403 6.17667913 -0.822663605
v 0.973678589 6.28953791 -0.855153918
v 1.25468194 6.49331236 -1.51331568
v 1.24047387 6.96878433 -1.98066139
v 0.984032989 7.79746437 -2.42568541
v 0.487187564 8.5038805 -2.36129761
v -0.135407567 9.19671154 -2.08235741
v -0.880863726 10.188385 -1.91544926
v -0.85544771 10.2160711 -1.98451567
v -0.0728746057 9.23108101 -2.21750855
v 0.537062526 8.53879166 -2.47681904
v 1.05633497 7.77977562 -2.52276683
v 1.34360564 6.88730621 -2.06117296
v 1.32990217 6.42997456 -1.56800747
v 1.17745709 6.2884593 -0.637722015
v 1.13071418 6.40336323 -0.679812908
v 1.531744 6.61083078 -1.28805757
v 1.60240149 7.09491873 -1.75877917
v 1.42636061 7.93861675 -2.25113583
v 0.91697675 8.65783405 -2.2768774
v 0.242658198 9.36322021 -2.11054039
v -0.534380019 10.3728657 -2.0787406
v -0.49637562 10.4010525 -2.1433084
v 0.329846382 9.39821243 -2.23456383
v 0.987919867 8.69337749 -2.38353682
v 1.51641917 7.92060709 -2.33525085
v 1.72033238 7.01196432 -1.82069635
v 1.61702609 6.54634476 -1.32918072
v 1.29447091 6.40124178 -0.426985562
v 1.25521946 6.51820946 -0.477567077
v 1.76647687 6.72940254 -1.01473975
v 1.92200077 7.22218466 -1.47360396
v 1.83426952 8.08103371 -1.99854827
v 1.32858706 8.81316757 -2.11602497
v 0.623090923 9.53122139 -2.07075977
v -0.161094189 10.5589981 -2.1787672
v -0.111396909 10.5876923 -2.23661232
v 0.732764959 9.56684303 -2.17931652
v 1.41886044 8.84934998 -2.21010995
v 1.9396348 8.06270123 -2.06660652
v 2.05129361 7.13774014 -1.51440728
v 1.85931778 6.66375875 -1.04058743
v 1.37325132 6.51502657 -0.196909815
v 1.34294784 6.63407612 -0.254592419
v 1.95104778 6.84902859 -0.70160377
v 2.18874621 7.35058165 -1.13361692
v 2.19450331 8.22471809 -1.67523575
v 1.70879078 8.96988392 -1.88315535
v 0.993837118 9.70071888 -1.96366262
v 0.227387309 10.7467899 -2.21177959
v 0.287502468 10.7759943 -2.26087141
v 1.12309444 9.73697376 -2.05286527
v 1.8160274 9.00671005 -1.96131897
v 2.31221771 8.2060585 -1.72462964
v 2.32557249 7.26463413 -1.15143383
v 2.04868221 6.78221607 -0.710938811
v 1.41099989 6.62981367 0.0455067456
v 1.39083409 6.75096369 -0.0176540315
v 2.07925224 6.96970797 -0.358057678
v 2.39384532 7.48010921 -0.748932004
v 2.49539709 8.3696661 -1.29065418
v 2.04544306 9.12797737 -1.58489501
v 1.34323835 9.87170601 -1.79199755
v 0.619071007 10.9362307 -2.17616296
v 0.687993109 10.96595 -2.21472621
v 1.48853981 9.90859985 -1.85852754
v 2.16672587 9.16545296 -1.64425731
v 2.62209201 8.35067749 -1.31933415
v 2.53410721 7.39264536 -0.742590189
v 2.17874098 6.90171671 -0.350146949
v 1.40619326 6.74560356 0.292943269
v 1.39705539 6.86887217 0.226109564
v 2.14666128 7.09144115 0.00563839823
v 2.53046727 7.61076832 -0.330943257
v 2.72720742 8.51588154 -0.856047392
v 2.3278451 9.2874527 -1.22980571
v 1.66040099 10.0441866 -1.56045341
v 1.00198591 11.127327 -2.07240057
v 1.07781982 11.1575661 -2.09896636
v 1.81768489 10.0817261 -1.60165823
v 2.45980072 9.32558441 -1.26803744
v 2.85920858 8.49656105 -0.862581134
v 2.66992569 7.52177525 -0.300000399
v 2.24498177 7.02226162 0.0310062692
v 1.35860205 6.86239624 0.537996888
v 1.36105764 6.98780155 0.469421804
v 2.15071082 7.21422863 0.378713191
v 2.59389687 7.74255896 0.108058155
v 2.88234663 8.66336346 -0.384060562
v 2.54701376 9.44831085 -0.828078449
v 1.93548775 10.2181635 -1.27547479
v 1.36451852 11.3200817 -1.90301752
v 1.44514441 11.3508453 -1.91646576
v 2.10029602 10.2563543 -1.28944087
v 2.68591881 9.48710346 -0.843466341
v 3.01578832 8.64370823 -0.36766988
v 2.72830057 7.65202332 0.163307443
v 2.2448504 7.14384985 0.421225667
v 1.26925993 6.98019123 0.773391128
v 1.28353631 7.10775185 0.705074251
v 2.09072828 7.33807087 0.750201225
v 2.58161831 7.87548113 0.5552544
v 2.95555377 8.81210995 0.111650944
v 2.69591045 9.61054802 -0.391211063
v 2.15998769 10.393631 -0.945046425
v 1.69575763 11.5144863 -1.67247379
v 1.77889562 11.5457783 -1.67206275
v 2.32760096 10.432478 -0.930650353
v 2.83780241 9.65000725 -0.382703155
v 3.08649445 8.79211712 0.151072502
v 2.70682812 7.78338909 0.633793712
v 2.17777109 7.26648235 0.809035778
v 1.14040554 7.09898901 0.992193699
v 1.16638803 7.22872305 0.926144242
v 1.96790719 7.46296644 1.10927975
v 2.49333668 8.00953388 0.997704029
v 2.94399357 8.96212292 0.616868198
v 2.7695961 9.77416611 0.0683889389
v 2.32693052 10.5705929 -0.578389287
v 1.9857918 11.7105484 -1.38694751
v 2.06906915 11.7423725 -1.37233269
v 2.49250722 10.6101017 -0.535323143
v 2.910393 9.81429768 0.101158023
v 3.06853008 8.94178963 0.678757668
v 2.60544586 7.91587305 1.0978303
v 2.04511905 7.39015818 1.18313169
v 0.975385725 7.21878862 1.18800175
v 1.01262403 7.35071468 1.12618113
v 1.78522313 7.58891582 1.44556785
v 2.33092833 8.14471817 1.42270565
v 2.84727335 9.11340141 1.11721408
v 2.76532173 9.93916416 0.537760437
v 2.43104959 10.7490473 -0.185692012
v 2.22597313 11.9082623 -1.05414891
v 2.30699301 11.9406242 -1.02538919
v 2.58976555 10.7892227 -0.114465654
v 2.90093708 9.97997379 0.594465315
v 2.96165323 9.09272385 1.20036101
v 2.42637157 8.04947376 1.54208422
v 1.85012817 7.51487732 1.53269196
v 0.778533995 7.33959103 1.35511267
v 0.82625711 7.4737277 1.29937983
v 1.5473069 7.71591949 1.74941409
v 2.09833336 8.28103352 1.81815767
v 2.66739225 9.26594543 1.5985744
v 2.68254757 10.1055431 1.0037843
v 2.46888423 10.9289942 0.222220004
v 2.40912342 12.1076298 -0.683039188
v 2.48553252 12.1405354 -0.640591621
v 2.61606741 10.9698439 0.320300579
v 2.80900621 10.1470356 1.08342361
v 2.76811647 9.24492168 1.70116043
v 2.17398405 8.18419361 1.95389247
v 1.597754 7.64064074 1.84767687
v 0.555024266 7.4613986 1.48866296
v 0.612164915 7.59776354 1.44072413
v 1.26027238 7.84397936 2.01213956
v 1.80139303 8.41848278 2.17287159
v 2.40862441 9.41975975 2.04747152
v 2.52289915 10.2733078 1.45353818
v 2.43882489 11.1104403 0.634188056
v 2.52968907 12.3086596 -0.283565283
v 2.59924197 12.3421116 -0.228269815
v 2.5700829 11.151968 0.757062972
v 2.63644648 10.3154898 1.55446768
v 2.49254322 9.39838696 2.16712475
v 1.85464597 8.32003403 2.32158947
v 1.29449296 7.76744986 2.11908197
v 0.310723901 7.58420515 1.5847317
v 0.375949442 7.72281742 1.54609454
v 0.931530654 7.97309017 2.22624421
v 1.44766235 8.55706024 2.47684407
v 2.07736611 9.57483482 2.45140648
v 2.29009151 10.4424477 1.87463295
v 2.34113431 11.293375 1.03901899
v 2.58387828 12.5113373 0.133619666
v 2.64449692 12.5453396 0.200566769
v 2.45247245 11.3355865 1.18393588
v 2.38729334 10.4853249 1.9946146
v 2.14176011 9.55311012 2.58527088
v 1.47650027 8.45698929 2.63479114
v 0.948182762 7.89529943 2.33914995
v 0.0519943535 7.70801544 1.64043987
v 0.123744965 7.84889317 1.61237597
v 0.569531143 8.10325623 2.38559818
v 1.04613554 8.69676971 2.72152424
v 1.68188107 9.73117828 2.79919982
v 1.98974848 10.6129704 2.25556421
v 2.17786574 11.4778042 1.4258213
v 2.5696888 12.7156715 0.557498336
v 2.61951828 12.7502308 0.634578824
v 2.26578927 11.5207062 1.58941555
v 2.06757951 10.6565485 2.39183259
v 1.72453201 9.70909882 2.94401622
v 1.04917848 8.59506416 2.88466835
v 0.567732215 8.02419472 2.50156975
v -0.214467824 7.83282852 1.65398765
v -0.137936354 7.97598934 1.63749993
v 0.183537841 8.23447609 2.48555374
v 0.607000411 8.83761024 2.89997864
v 1.23206568 9.88878632 3.0812273
v 1.62923455 10.7848721 2.58596468
v 1.95278931 11.6637249 1.78425169
v 2.48694372 12.9216576 0.976951301
v 2.52439737 12.9567766 1.06236768
v 2.0143919 11.7073221 1.96263921
v 1.68515515 10.8291559 2.73530149
v 1.25130916 9.86634827 3.23342061
v 0.583536029 8.73425484 3.06411791
v 0.162883952 8.15413189 2.60158873
v -0.481818289 7.95864439 1.62467897
v -0.402388513 8.10410786 1.62047899
v -0.216639176 8.36675072 2.52303624
v 0.141332775 8.97958279 3.00704336
v 0.739134789 10.0476627 3.28964567
v 1.21740067 10.9581575 2.85686064
v 1.67123091 11.8511419 2.10479164
v 2.33722234 13.129303 1.38107324
v 2.36102152 13.1649866 1.47279739
v 1.70426512 11.8954411 2.29367352
v 1.24941885 11.0031538 3.0156846
v 0.733900428 10.0248642 3.44542098
v 0.0913304761 8.87456703 3.1679163
v -0.256066322 8.28511524 2.63610697
v -0.74324441 8.08546066 1.55291557
v -0.662887692 8.23324394 1.56140661
v -0.620905101 8.50007629 2.49658656
v -0.339199841 9.12268448 3.03941202
v 0.215320289 10.2078028 3.41854334
v 0.764346004 11.1328211 3.06085968
v 1.33992708 12.0400505 2.37895298
v 2.12381554 13.3386011 1.75942349
v 2.13301992 13.3748531 1.85525024
v 1.34285581 12.0850563 2.57372808
v 0.771063328 11.1785355 3.22531724
v 0.185153008 10.1846399 3.57398415
v -0.415094286 9.01599312 3.19280648
v -0.678544402 8.41713905 2.60371542
v -0.992138982 8.21328068 1.44015718
v -0.9128654 8.36340332 1.46142769
v -1.01914573 8.63445854 2.40635562
v -0.822653472 9.26691914 2.99567461
v -0.326472402 10.3692083 3.46405029
v 0.281119406 11.3088646 3.19230747
v 0.966803908 12.2304516 2.59948564
v 1.851583 13.549551 2.1023016
v 1.8456111 13.5863771 2.1999054
v 0.938834071 12.2761688 2.79536819
v 0.261761487 11.3553028 3.35837364
v -0.381405413 10.3456793 3.61521697
v -0.923139334 9.15853882 3.13753223
v -1.09397483 8.55020809 2.50469184
v -1.22224879 8.342103 1.28886461
v -1.14605784 8.49458218 1.32268727
v -1.40147018 8.76989269 2.25406766
v -1.2971034 9.41228485 2.87630796
v -0.872999072 10.5318804 3.42437935
v -0.220581055 11.4862909 3.24737811
v 0.560744584 12.4223471 2.76051044
v 1.5267756 13.7621574 2.40094757
v 1.50541687 13.7995625 2.49793983
v 0.501839936 12.4687824 2.95264959
v -0.266150415 11.5334578 3.41095638
v -0.951917231 10.5079823 3.56740713
v -1.42026186 9.30220222 3.00282311
v -1.49203324 8.6843195 2.3409543
v -1.42782962 8.4719286 1.10241258
v -1.35666096 8.62678242 1.14825356
v -1.75845146 8.90638351 2.04293728
v -1.75093377 9.55878067 2.68362045
v -1.41099393 10.6958179 3.29982662
v -0.728685141 11.6650963 3.22413254
v 0.131381512 12.6157341 2.85764384
v 1.15690029 13.9764156 2.64775109
v 1.12031543 14.0144033 2.74174047
v 0.0422583818 12.6628923 3.04124212
v -0.799965382 11.7129974 3.38115454
v -1.51252699 10.6715469 3.43101788
v -1.89427912 9.44698429 2.79133177
v -1.86289907 8.81947613 2.11597562
v -1.60376215 8.6027565 0.884993672
v -1.53945041 8.76000404 0.942026675
v -2.08133769 9.04392719 1.77756453
v -2.17311025 9.70640945 2.42165685
v -1.92750311 10.8610229 3.09271336
v -1.23107314 11.8452835 3.12251544
v -0.311185241 12.8106165 2.88805723
v 0.750458479 14.1923323 2.83638954
v 0.699175835 14.2309074 2.92503738
v -0.429081023 12.8585043 3.05848408
v -1.32694376 11.8939266 3.26903868
v -2.04972839 10.8363771 3.20862627
v -2.33365417 9.59288406 2.5075264
v -2.19747281 8.95567608 1.83466887
v -1.74566591 8.73458481 0.641495883
v -1.68989825 8.89424515 0.708624423
v -2.36224771 9.18252277 1.46378887
v -2.55342722 9.85516739 2.09606123
v -2.41017246 11.0274916 2.80728817
v -1.71584392 12.0268497 2.94431973
v -0.756609797 13.0069904 2.85052061
v 0.316767097 14.4099007 2.96196818
v 0.251664996 14.4490662 3.04304361
v -0.901142538 13.0556126 3.00342083
v -1.83459592 12.0762386 3.07661867
v -2.55066419 11.0024672 2.904814
v -2.72775292 9.73990059 2.15754223
v -2.48758101 9.0929184 1.50323319
v -1.84998393 8.86741924 0.377370805
v -1.80426168 9.02950954 0.453255624
v -2.59433365 9.32217503 1.10852361
v -2.88272953 10.0050583 1.7139045
v -2.84753036 11.1952276 2.44957829
v -2.1716013 12.2097988 2.69309592
v -1.1945672 13.2048578 2.74538445
v -0.134308934 14.6291227 3.02108741
v -0.212024212 14.6688852 3.09251928
v -1.36296606 13.25422 2.87677574
v -2.31098104 12.2599392 2.80774736
v -3.00342035 11.1698227 2.52601147
v -3.06707335 9.88803768 1.74899745
v -2.7261436 9.23120785 1.12897873
v -1.91403949 9.00125599 0.0985066891
v -1.87964559 9.16579533 0.181597874
v -2.77190995 9.46288204 0.719584405
v -3.15308905 10.1560812 1.28350329
v -3.22921944 11.3642311 2.02721906
v -2.58769155 12.3941288 2.37403584
v -1.61497486 13.4042206 2.57453609
v -0.592575908 14.8500023 3.01188207
v -0.681400061 14.8903656 3.07180309
v -1.80390143 13.4543285 2.68089914
v -2.74495578 12.4450264 2.4679935
v -3.39726448 11.3384418 2.08031654
v -3.3434298 10.0372934 1.29079771
v -2.90730524 9.37053967 0.720145941
v -1.93608201 9.13609409 -0.1889202
v -1.9140538 9.30310059 -0.100346744
v -2.8905592 9.60464191 0.305486351
v -3.3579638 10.3082352 0.814197838
v -3.54621315 11.5345001 1.54924679
v -2.95443177 12.5798397 1.99382353
v -2.00821924 13.6050777 2.34133554
v -1.04775286 15.0725365 2.93404913
v -1.1459204 15.1135054 2.9808383
v -2.21384788 13.6559372 2.41968822
v -3.12641382 12.6315012 2.06448555
v -3.72287178 11.5083246 1.57727504
v -3.55011463 10.1876659 0.792899013
v -3.02654648 9.51091576 0.285691291
v -1.9153055 9.27193356 -0.478590727
v -1.90641332 9.44142532 -0.386394054
v -2.94720364 9.74745464 -0.124764249
v -3.49231195 10.4615202 0.316115648
v -3.79098463 11.7060356 1.02585399
v -3.26330709 12.7669344 1.56043661
v -2.36536336 13.8074312 2.0504849
v -1.48970842 15.2967319 2.78879094
v -1.59523273 15.3383102 2.8211062
v -2.58346844 13.8590479 2.09844494
v -3.44648981 12.8193645 1.60569847
v -3.97249889 11.679471 1.02762234
v -3.68201494 10.3391562 0.266058117
v -3.08075356 9.65233326 -0.164930016
v -1.8518455 9.40877438 -0.764187217
v -1.85657775 9.58077049 -0.670318782
v -2.94014168 9.89132118 -0.561873794
v -3.55266738 10.6159344 -0.200055316
v -3.95763779 11.8788347 0.468163997
v -3.50712299 12.9554052 1.08297622
v -2.67831588 14.0112734 1.70793688
v -1.90866268 15.5225744 2.57880783
v -2.01938105 15.5647659 2.59561396
v -2.90436697 14.063652 1.72376955
v -3.69771719 13.0086098 1.10127401
v -4.14011383 11.8518772 0.443048269
v -3.73568583 10.4917631 -0.278409302
v -3.0682559 9.79479408 -0.621978998
v -1.74675238 9.54662132 -1.03952456
v -1.76530755 9.72113895 -0.945985675
v -2.86905336 10.0362415 -0.996469498
v -3.53718185 10.7714806 -0.723318875
v -4.04200459 12.0528984 -0.112047851
v -3.68014431 13.1452541 0.571418047
v -2.94000697 14.2166023 1.32070446
v -2.29541826 15.7500629 2.30816197
v -2.40904093 15.7928734 2.30875087
v -3.16926956 14.2697487 1.30335522
v -3.87417436 13.1992378 0.561757803
v -4.22149992 12.0255451 -0.164097071
v -3.70939255 10.6454887 -0.8288939
v -2.98882914 9.93830013 -1.07565022
v -1.6019522 9.68546963 -1.29866862
v -1.63423669 9.86252785 -1.20746958
v -2.7349782 10.1822176 -1.41929531
v -3.44562721 10.9281597 -1.24261081
v -4.04168701 12.2282305 -0.702629149
v -3.77817559 13.3364868 0.036364615
v -3.14449978 14.4234314 0.89666611
v -2.64152169 15.9792137 1.98212838
v -2.75567985 16.0226479 1.96613145
v -3.37213659 14.4773521 0.845776737
v -3.97156286 13.3912573 -0.00166136026
v -4.21429348 12.2004786 -0.781089365
v -3.60310602 10.800333 -1.37374461
v -2.84366798 10.0828505 -1.51627541
v -1.42018664 9.82532024 -1.53607965
v -1.46581829 10.0049372 -1.44919574
v -2.54026365 10.3292465 -1.82141185
v -3.27936411 11.0859699 -1.74702489
v -3.9560709 12.404829 -1.29128075
v -3.79861069 13.5291023 -0.511141181
v -3.28708601 14.6317558 0.444443226
v -2.93941593 16.210022 1.60714447
v -3.05171227 16.2540855 1.57453692
v -3.50825834 14.6864557 0.36035645
v -3.98726034 13.5846643 -0.577349067
v -4.11799669 12.3766766 -1.39507246
v -3.41846728 10.956296 -1.90150785
v -2.63533258 10.2284441 -1.93453312
v -1.20494199 9.96617222 -1.74669456
v -1.26326036 10.148366 -1.66602588
v -2.28849387 10.4773293 -2.19436264
v -3.04128909 11.2449093 -2.22603393
v -3.7863133 12.5826912 -1.86582756
v -3.74047375 13.7230968 -1.05987525
v -3.36438274 14.8415699 -0.0268181562
v -3.18261218 16.442482 1.1906141
v -3.29067087 16.487175 1.14171517
v -3.57435036 14.8970547 -0.143072128
v -3.92036009 13.7794552 -1.15349817
v -3.93395925 12.5541353 -1.99334049
v -3.15872574 11.1133747 -2.40115881
v -2.36766982 10.3750801 -2.32162189
v -0.960354209 10.1080265 -1.92603707
v -1.03043616 10.2928162 -1.85337126
v -1.98437762 10.6264658 -2.53035307
v -2.73572612 11.4049807 -2.66971326
v -3.53525901 12.7618208 -2.41448402
v -3.6043787 13.9184713 -1.59868813
v -3.37434316 15.0528793 -0.507673025
v -3.36576414 16.6765976 0.740706444
v -3.46727848 16.7219276 0.676167965
v -3.56855989 15.1091537 -0.654402256
v -3.77162457 13.9756336 -1.71839583
v -3.66529083 12.7328577 -2.56361389
v -2.82862282 11.2715721 -2.8623333
v -2.04569602 10.5227594 -2.66944504
v -0.691119671 10.250885 -2.07028604
v -0.771799445 10.4382887 -2.00726247
v -1.63364387 10.7766581 -2.82237625
v -2.36832571 11.566185 -3.06890583
v -3.2073679 12.9422169 -2.92605162
v -3.39250278 14.1152287 -2.11669159
v -3.31628942 15.2656822 -0.988533795
v -3.48477173 16.9123669 0.266219974
v -3.57754993 16.9583397 0.187013268
v -3.4904933 15.322753 -1.16342282
v -3.54345751 14.1731987 -2.26062083
v -3.31678104 12.9128447 -3.09424496
v -2.43428087 11.4308891 -3.27550077
v -1.6754837 10.6714849 -2.97074223
v -0.402393728 10.3947449 -2.17633486
v -0.492287815 10.5847807 -2.12441397
v -1.24290514 10.9279022 -3.06433964
v -1.94592321 11.7285185 -3.41539431
v -2.80858755 13.1238775 -3.39014196
v -3.1085043 14.313364 -2.60348463
v -3.19089127 15.4799767 -1.45988286
v -3.53682613 17.1497898 -0.22362721
v -3.61883402 17.1964073 -0.31623435
v -3.34118557 15.5378485 -1.66004217
v -3.2398138 14.3721485 -2.7692802
v -2.89476442 13.0940924 -3.57445097
v -1.98305142 11.5913229 -3.63214278
v -1.26401985 10.8212519 -3.21921873
v -0.0996707976 10.539607 -2.24184632
v -0.197205961 10.7322941 -2.20228171
v -0.819501579 11.0802002 -3.25117183
v -1.47637105 11.891983 -3.70205116
v -2.34619737 13.3068037 -3.79737067
v -2.75741673 14.5128803 -3.04935455
v -3.00012112 15.6957636 -1.91245961
v -3.52044344 17.3888664 -0.719388604
v -3.58984184 17.4361343 -0.823857903
v -3.12304878 15.7544441 -2.13448715
v -2.86608648 14.572485 -3.23421741
v -2.40695524 13.2766027 -3.99451113
v -1.48333597 11.7528734 -3.92490649
v -0.819040179 10.9720621 -3.40965724
v 0.211327642 10.6854725 -2.26527739
v 0.107882202 10.8808289 -2.2390945
v -0.371347845 11.2335529 -3.37889361
v -0.968371868 12.0565796 -3.92294216
v -1.82864964 13.4909964 -4.13950348
v -2.34552622 14.7137775 -3.44543362
v -2.74719381 15.9130449 -2.33742142
v -3.43546176 17.6295986 -1.21156085
v -3.49064231 17.6775208 -1.32611525
v -2.83980036 15.972538 -2.57747006
v -2.42897725 14.7742081 -3.64617896
v -1.86227953 13.4603777 -4.34592247
v -0.944408178 11.9155436 -4.14771271
v -0.3488684 11.1239176 -3.53798866
v 0.524751782 10.8323402 -2.24588871
v 0.417251319 11.0303831 -2.23386526
v 0.0932197049 11.3879595 -3.44466972
v -0.431301147 12.2223072 -4.07342005
v -1.2653836 13.6764555 -4.4095993
v -1.88022792 14.9160576 -3.78386402
v -2.43647885 16.1318207 -2.72651672
v -3.28301883 17.8719864 -1.69078541
v -3.3226316 17.9205685 -1.81344414
v -2.49636412 16.192131 -2.98037124
v -1.93634081 14.9773188 -3.99698353
v -1.27067924 13.6454153 -4.62154293
v -0.376225024 12.0793314 -4.29584885
v 0.137744546 11.2768164 -3.60134554
v 0.834764123 10.9802141 -2.18374801
v 0.725152373 11.1809626 -2.18640256
v 0.565628946 11.5434246 -3.44684124
v 0.12499705 12.3891697 -4.15018082
v -0.66662097 13.863184 -4.60210133
v -1.36985779 15.1197205 -4.05790806
v -2.07338858 16.3520927 -3.07220793
v -3.06549978 18.1160336 -2.14799356
v -3.08847618 18.1652794 -2.27661037
v -2.09874868 16.413229 -3.33536577
v -1.3970108 15.181819 -4.27963781
v -0.6428985 13.8317204 -4.81568718
v 0.210788339 12.2442408 -4.36602402
v 0.631813884 11.4307623 -3.59809351
v 1.1355958 11.1290855 -2.07971001
v 1.02586865 11.3325577 -2.09729338
v 1.03718758 11.6999378 -3.38493323
v 0.690358579 12.5571594 -4.15130329
v -0.0431995988 14.0511732 -4.71292496
v -0.823555708 15.3247595 -4.26206493
v -1.66429281 16.5738525 -3.36781502
v -2.78649759 18.3617268 -2.57459164
v -2.79207063 18.4116402 -2.70689559
v -1.6539495 16.6358185 -3.63557053
v -0.820651054 15.3877001 -4.48845625
v 0.00969350338 14.0192823 -4.92421341
v 0.805897713 12.4102631 -4.35641193
v 1.12424481 11.5857468 -3.52783728
v 1.4217205 11.2789612 -1.93538249
v 1.31388938 11.4851761 -1.96787524
v 1.49931788 11.8575068 -3.25963593
v 1.25456524 12.7262812 -4.07625103
v 0.593711972 14.2404308 -4.73949528
v -0.251008928 15.5311813 -4.39214039
v -1.21631193 16.7971115 -3.60761118
v -2.45065904 18.6090794 -2.96259904
v -2.43837166 18.6596661 -3.09623718
v -1.16972876 16.8599091 -3.87514353
v -0.217488468 15.5949707 -4.61913204
v 0.675398231 14.2081108 -4.944561
v 1.39833665 12.5774059 -4.26664162
v 1.60607386 11.7417774 -3.39139938
v 1.68788958 11.4298391 -1.75308919
v 1.58394539 11.6388149 -1.80020368
v 1.94363928 12.0161304 -3.0727756
v 1.80745506 12.8965349 -3.92586231
v 1.23273993 14.430954 -4.68076801
v 0.337650657 15.7389832 -4.44529629
v -0.737252951 17.0218582 -3.78690863
v -2.0636549 18.8580837 -3.3047781
v -2.03336954 18.9093475 -3.43735695
v -0.654541969 17.0854988 -4.04936838
v 0.401797533 15.8036261 -4.66879034
v 1.34232116 14.3982 -4.875772
v 1.97742498 12.7456665 -4.09779072
v 2.06855869 11.8988514 -3.19078779
v 1.92924929 11.5817194 -1.53580761
v 1.83112717 11.7934732 -1.59699512
v 2.36215591 12.175806 -2.82725382
v 2.33915091 13.0679188 -3.70229864
v 1.86257112 14.6227417 -4.53721428
v 0.932096601 15.9481649 -4.42007732
v -0.2354002 17.2481003 -3.90212536
v -1.63200402 19.1087437 -3.59475803
v -1.58390045 19.1606884 -3.72388744
v -0.117314816 17.3125858 -4.15472126
v 1.02633822 16.0136681 -4.63601017
v 1.99864912 14.5895529 -4.71847057
v 2.5328083 12.9150438 -3.8523221
v 2.50337076 12.0569677 -2.92913008
v 2.1414113 11.7346039 -1.28710413
v 2.05095744 11.9491549 -1.36156631
v 2.74737096 12.3365383 -2.52697372
v 2.84020662 13.2404346 -3.40898347
v 2.47211981 14.8157959 -4.31078053
v 1.52196097 16.1587276 -4.31640244
v 0.280611396 17.4758339 -3.95081902
v -1.16296792 19.3610535 -3.82711864
v -1.0975399 19.4136848 -3.95045233
v 0.432693958 17.541172 -4.18889999
v 1.64523542 16.2250957 -4.52081537
v 2.63282323 14.7821684 -4.47481871
v 3.05460835 13.0855408 -3.53401995
v 2.9027164 12.2161303 -2.61059523
v 2.32051444 11.8884907 -1.01107049
v 2.23945475 12.1058559 -1.09777355
v 3.09240627 12.4983253 -2.17676401
v 3.30175853 13.4140825 -3.05052567
v 3.05071878 15.0101185 -4.00483179
v 2.09702253 16.3706722 -4.13554096
v 0.801962733 17.7050629 -3.93170118
v -0.664398074 19.6150246 -3.99745131
v -0.582440734 19.6683464 -4.1127286
v 0.986068726 17.7712593 -4.15083647
v 2.24775839 16.437912 -4.32464838
v 3.23373795 14.9760494 -4.1484561
v 3.53358412 13.2571564 -3.14790487
v 3.25945807 12.3763361 -2.24031544
v 2.46328664 12.0433769 -0.712234437
v 2.39319849 12.2635765 -0.809929371
v 3.39111471 12.6611633 -1.782269
v 3.71567965 13.5888605 -2.63260937
v 3.58830023 15.2057066 -3.62406015
v 2.6473794 16.5840015 -3.8800683
v 1.31979954 17.935791 -3.84465075
v -0.14460206 19.8706551 -4.10244274
v -0.047198534 19.9246731 -4.20752478
v 1.53339601 18.0028496 -4.04070377
v 2.82352829 16.6521168 -4.0503211
v 3.79093051 15.1711941 -3.74440241
v 3.96128917 13.4298878 -2.7001152
v 3.56723356 12.5375834 -1.82426381
v 2.56708908 12.1992645 -0.395473242
v 2.50937486 12.4223166 -0.502718568
v 3.6381681 12.8250532 -1.34983659
v 4.07469177 13.7647676 -2.16188049
v 4.07554722 15.4025564 -3.17439294
v 3.1636014 16.7987061 -3.55380917
v 1.82537246 18.168005 -3.69070721
v 0.387793779 20.1279335 -4.13992548
v 0.499293685 20.1826496 -4.23283148
v 2.06541419 18.2359314 -3.85990262
v 3.36267281 16.8677025 -3.70195174
v 4.29473543 15.3675966 -3.26895785
v 4.33019114 13.603735 -2.19778442
v 3.82054567 12.699872 -1.36914158
v 2.62994766 12.3561592 -0.0659239888
v 2.58581305 12.5820827 -0.181110486
v 3.82912922 12.9900017 -0.886397123
v 4.37247753 13.9418087 -1.6458106
v 4.50403881 15.6006737 -2.66284895
v 3.63689375 17.0147896 -3.16172075
v 2.31020594 18.4017105 -3.47199106
v 0.924030304 20.3868599 -4.1088357
v 1.04803395 20.4422798 -4.18777418
v 2.5731883 18.4705124 -3.61097527
v 3.85600042 17.0846748 -3.28484488
v 4.73643875 15.5652637 -2.72955275
v 4.63378191 13.7787046 -1.64889789
v 4.0148344 12.8632097 -0.882248163
v 2.65056109 12.5140553 0.271076739
v 2.62099719 12.7428675 0.149700105
v 3.96049929 13.156003 -0.399364799
v 4.60375309 14.1199818 -1.09258115
v 4.86636734 15.8000603 -2.09742141
v 4.05921602 17.2322578 -2.7098043
v 2.76621628 18.6369152 -3.19165802
v 1.45534134 20.6474495 -4.00921726
v 1.59004068 20.7035789 -4.07261372
v 3.04823565 18.7065964 -3.29755187
v 4.29512358 17.3030376 -2.80539227
v 5.10839272 15.7641973 -2.13462496
v 4.8666563 13.954792 -1.06216836
v 4.14652729 13.0275898 -0.37137875
v 2.62832713 12.6729527 0.610125303
v 2.61409545 12.9046717 0.48442027
v 4.0297718 13.3230562 0.103529543
v 4.76434898 14.299284 -0.510910809
v 5.15624142 16.0007114 -1.48692441
v 4.42340088 17.451107 -2.20500207
v 3.18582821 18.8736115 -2.85386586
v 1.97308207 20.9096947 -3.84226394
v 2.1164844 20.9665375 -3.88878751
v 3.48264837 18.9441795 -2.92430758
v 4.67258263 17.5227871 -2.27096701
v 5.40412807 15.9643927 -1.49345541
v 5.02459335 14.1319952 -0.446852297
v 4.21309376 13.1930122 0.155352831
v 2.5633266 12.8328533 0.94581461
v 2.56494808 13.0674982 0.817723334
v 4.0354414 13.4911652 0.614346027
v 4.85124731 14.4797173 0.0900792032
v 5.36856461 16.2026253 -0.840838253
v 4.72325611 17.6713333 -1.65505886
v 3.56210351 19.1117973 -2.46366382
v 2.4688921 21.173584 -3.61023617
v 2.61885285 21.231144 -3.63881516
v 3.86922407 19.1832542 -2.49684286
v 4.98194981 17.7439156 -1.68977332
v 5.61843109 16.1658478 -0.816006958
v 5.10458851 14.3103161 0.187392786
v 4.21305275 13.359479 0.689626038
v 2.45631552 12.9937592 1.27282441
v 2.47406411 13.2313471 1.14433992
v 3.97701788 13.6603298 1.12507021
v 4.86260891 14.6612864 0.70102489
v 5.4994936 16.4058113 -0.169130683
v 4.95363712 17.8929462 -1.06835723
v 3.88882184 19.3514843 -2.02685905
v 2.93479633 21.4391403 -3.31635404
v 3.08905387 21.4974232 -3.32619405
v 4.20155191 19.4238377 -2.02154303
v 5.21790743 17.9664402 -1.070678
v 5.74740124 16.3685722 -0.112739027
v 5.10488701 14.4897594 0.830674231
v 4.14598465 13.5269918 1.22305298
v 2.30869937 13.1556635 1.58599043
v 2.34259939 13.3962145 1.45912397
v 3.85500932 13.8305454 1.62772572
v 4.79778337 14.8439808 1.31244779
v 5.54647493 16.6102562 0.517866671
v 5.11051559 18.1159344 -0.453836858
v 4.16057777 19.5926552 -1.54999495
v 3.36334276 21.7063408 -2.96484089
v 3.51955366 21.7653503 -2.95543551
v 4.47410917 19.6659126 -1.50554347
v 5.37631512 18.1903439 -0.423118532
v 5.78849268 16.5725536 0.605526209
v 5.02498341 14.6703157 1.47300386
v 4.01251507 13.6955442 1.74729848
v 2.12249613 13.318572 1.8804121
v 2.17232323 13.5621033 1.75716233
v 3.67089748 14.0018158 2.11452937
v 4.65729332 15.0278101 1.91494346
v 5.50826168 16.8159714 1.20967865
v 5.19101715 18.3403053 0.179221869
v 4.37284184 19.8353252 -1.04015565
v 3.74769616 21.9752026 -2.56073999
v 3.90347362 22.0349426 -2.53187537
v 4.68232441 19.9094887 -0.956526995
v 5.45425034 18.415638 0.243119955
v 5.74052382 16.7778015 1.32782996
v 4.86560822 14.8519936 2.10449266
v 3.81428337 13.8651428 2.25424051
v 1.90030074 13.482482 2.15149021
v 1.96558654 13.7290125 2.03381348
v 3.42710042 14.174139 2.57797289
v 4.44280767 15.2127686 2.49928498
v 5.38490868 17.0229492 1.89580286
v 5.19344378 18.5660553 0.821294904
v 4.52201605 20.0794868 -0.504901052
v 4.0817337 22.2457142 -2.10988331
v 4.23468208 22.3061905 -2.06164026
v 4.82263184 20.1545639 -0.382650375
v 5.45002794 18.6423149 0.9180094
v 5.60367489 16.9843102 2.04320121
v 4.62869453 15.0347862 2.7154603
v 3.55390692 14.0357838 2.73605442
v 1.64522886 13.6473942 2.3950057
v 1.72527015 13.8969421 2.28478646
v 3.12691092 14.347517 3.01095009
v 4.15709305 15.398859 3.05658579
v 5.17774296 17.2311974 2.56590462
v 5.11727715 18.79319 1.46280146
v 4.60547113 20.3251457 0.0478942394
v 4.36012936 22.5178871 -1.61874247
v 4.50788069 22.5791054 -1.55149412
v 4.89250374 20.4011421 0.207629919
v 5.36320496 18.8703842 1.59147453
v 5.37945175 17.1920853 2.74085879
v 4.31732273 15.2186985 3.29660583
v 3.2349124 14.207468 3.18534851
v 1.36086035 13.8133097 2.60718203
v 1.45473075 14.0658932 2.50620532
v 2.77443552 14.5219498 3.40685105
v 3.80394912 15.5860815 3.57840681
v 4.88932276 17.4407101 3.20993304
v 4.9631629 19.0217056 2.09420681
v 4.6215601 20.572298 0.610120893
v 4.57840347 22.7917156 -1.09437704
v 4.71865177 22.8536777 -1.00878024
v 4.89046812 20.6492195 0.805640221
v 5.19456005 19.0998383 2.25349951
v 5.0706439 17.401123 3.41033149
v 3.93565559 15.4037294 3.83911943
v 2.86167192 14.3801975 3.59525681
v 1.051193 13.9802284 2.78470898
v 1.1577574 14.2358656 2.69463515
v 2.37453413 14.6974363 3.75963306
v 3.3881557 15.7744341 4.0568676
v 4.52339792 17.6514854 3.81826878
v 4.73290205 19.2515965 2.70617247
v 4.56965399 20.8209343 1.17357302
v 4.73300838 23.0671864 -0.544295073
v 4.86354542 23.1298981 -0.441280127
v 4.81613398 20.8987865 1.40263855
v 4.94608545 19.3306732 2.89428949
v 4.68128061 17.6114197 4.04161453
v 3.48887253 15.5898771 4.33479786
v 2.43933749 14.5539694 3.95951843
v 0.720558465 14.1481495 2.92480636
v 0.838490903 14.4068594 2.8471477
v 1.93270957 14.8739777 4.0639286
v 2.91535187 15.9639187 4.48477983
v 4.0847888 17.8635311 4.38189411
v 4.42935419 19.482872 3.2897296
v 4.45007324 21.0710716 1.73011327
v 4.82129049 23.3443203 0.0237135887
v 4.94003439 23.4077854 0.142957926
v 4.67011976 21.1498585 1.98998904
v 4.62088108 19.5629005 3.50444698
v 4.21650362 17.8229828 4.62534237
v 2.98304701 15.7771435 4.77618265
v 1.97372794 14.7287865 4.27258301
v 0.373565197 14.3170719 3.02524185
v 0.501369476 14.5788727 2.9613421
v 1.45503855 15.0515709 4.3150878
v 2.39196944 16.1545334 4.85571098
v 3.57934952 18.0768375 4.89246464
v 4.05643988 19.7155247 3.83634329
v 4.26414251 21.3226986 2.2717185
v 4.84161425 23.6231041 0.601605654
v 4.94663954 23.6873245 0.735651731
v 4.4541049 21.4024258 2.55921054
v 4.22315741 19.7965088 4.07504272
v 3.68252516 18.0358047 5.15286541
v 2.42507195 15.9655266 5.15662479
v 1.47125149 14.9046459 4.52965975
v 0.01502496 14.4869976 3.08435655
v 0.151055634 14.7519083 3.0353725
v 0.948064268 15.2302198 4.50923872
v 1.82510829 16.3462811 5.16407061
v 3.01382446 18.2914162 5.34244061
v 3.61900926 19.9495621 4.33806276
v 4.01408005 21.5758228 2.79064298
v 4.79326439 23.9035492 1.18127358
v 4.88282776 23.9685326 1.32847583
v 4.17071247 21.656498 3.10214806
v 3.75809669 20.0315094 4.59777069
v 3.08647919 18.2498951 5.61638546
v 1.82252705 16.1550293 5.47037745
v 0.938796639 15.0815496 4.72677517
v -0.350118309 14.6579247 3.10107875
v -0.207630485 14.9259615 3.06796598
v 0.418702513 15.4099197 4.64332819
v 1.22244108 16.539156 5.40517664
v 2.39577603 18.5072498 5.72516775
v 3.12281394 20.1849709 4.78760004
v 3.70302582 21.8304291 3.27948737
v 4.67654228 24.1856308 1.75460982
v 4.74910831 24.2513828 1.91312861
v 3.82352877 21.912056 3.61104441
v 3.23182034 20.2678852 5.06503248
v 2.43634319 18.4652405 6.00903893
v 1.18357682 16.3456459 5.71265697
v 0.383631051 15.2594948 4.86081743
v -0.716864944 14.8298597 3.07492518
v -0.569789946 15.1010427 3.0584259
v -0.125875503 15.5906811 4.71514845
v 0.59206748 16.7331696 5.5753026
v 1.73340881 18.7243652 6.03496838
v 2.57433152 20.4217758 5.17844772
v 3.33488131 22.0865459 3.73133469
v 4.49261093 24.4693909 2.3136754
v 4.54686689 24.5359135 2.4815042
v 3.41693664 22.1691303 4.0786829
v 2.65120649 20.5056629 5.47005558
v 1.74075556 18.6818619 6.32499027
v 0.516819417 16.5373898 5.87969685
v -0.186718971 15.4384909 4.92956257
v -1.0802052 15.0027914 3.00600195
v -0.930486441 15.2771387 3.00663471
v -0.678307354 15.7724905 4.72335196
v -0.0575485528 16.9283104 5.67170334
v 1.03553033 18.9427395 6.26717281
v 1.98076844 20.6599579 5.50490761
v 2.91436148 22.3441525 4.13977718
v 4.24361277 24.7548008 2.85072565
v 4.27849102 24.8221016 3.02571893
v 2.95616436 22.4277 4.49841452
v 2.02388883 20.7448235 5.80692816
v 1.00897121 18.8997383 6.55946207
v -0.168784887 16.7302456 5.96876907
v -0.764538765 15.6185236 4.9316864
v -1.4352212 15.1767311 2.8949883
v -1.28484774 15.4542599 2.91304445
v -1.23118412 15.9553576 4.6674552
v -0.717748046 17.1245842 5.69264603
v 0.311363399 19.1623783 6.41819382
v 1.3498888 20.8995152 5.76219988
v 2.44685674 22.6032448 4.49905157
v 3.9325552 25.0418549 3.35838842
v 3.94724226 25.1099358 3.53829098
v 2.44713497 22.6877613 4.86429787
v 1.35807848 20.985363 6.07070637
v 0.250666976 19.1188793 6.70881557
v -0.864089191 16.9242229 5.97821522
v -1.34207487 15.7996054 4.86677027
v -1.77711535 15.3516655 2.74312353
v -1.62809873 15.6323967 2.77866244
v -1.77712584 16.1392727 4.54783535
v -1.3797859 17.3219852 5.63741827
v -0.429597259 19.3832855 6.48554897
v 0.689869404 21.1404572 5.94649029
v 1.9382987 22.8638382 4.8040781
v 3.56318212 25.3305759 3.82971525
v 3.55712914 25.3994427 4.01219416
v 1.8963263 22.9493313 5.17113733
v 0.662410378 21.2272968 6.25744915
v -0.524208665 19.3392849 6.77056599
v -1.5598743 17.1193142 5.90745068
v -1.91161335 15.9817247 4.73529434
v -2.10131955 15.5276079 2.55217028
v -1.95566285 15.8115578 2.60502148
v -2.30890155 16.3242474 4.36569738
v -2.0349412 17.5205212 5.50630379
v -1.17766178 19.6054554 6.46786356
v 0.0092714997 21.3827782 6.05492592
v 1.39519298 23.1259193 5.05051994
v 3.14007854 25.6209412 4.25828171
v 3.11300802 25.6905975 4.44095564
v 1.31079805 23.2123928 5.41454506
v -0.0540868044 21.4706116 6.36424541
v -1.30551672 19.5609512 6.74339151
v -2.24696708 17.3155251 5.75694323
v -2.46560669 16.1648903 4.53860474
v -2.4034884 15.7045498 2.32439971
v -2.26316309 15.9917374 2.39416695
v -2.81948042 16.5102711 4.12306595
v -2.67461848 17.7201843 5.30058622
v -1.92310667 19.8288879 6.3648901
v -0.683140516 21.6264725 6.08566761
v 0.824427605 23.3894863 5.23483562
v 2.66845322 25.9129543 4.6382618
v 2.6203599 25.9834042 4.81873465
v 0.697989702 23.4769459 5.59099197
v -0.782182455 21.7153091 6.38925552
v -2.0830965 19.7838745 6.62714577
v -2.91634512 17.5128498 5.52820587
v -2.99672604 16.3490982 4.27889967
v -2.67960548 15.8824949 2.06253433
v -2.54652643 16.1729374 2.14859962
v -3.30217123 16.6973515 3.82271624
v -3.29050255 17.9209824 5.02248001
v -2.65633941 20.0535965 6.17745256
v -1.37855017 21.871563 6.03785372
v 0.23315227 23.6545677 5.35427284
v 2.15404654 26.2066479 4.96445274
v 2.08519506 26.2778969 5.14034128
v 0.0655947924 23.7430191 5.6977973
v -1.51259995 21.9614067 6.33166838
v -2.84693527 20.0080738 6.42280197
v -3.55929661 17.711298 5.22372866
v -3.49800515 16.5343513 3.95915937
v -2.92600441 16.0614395 1.76972032
v -2.80200434 16.3551579 1.87125468
v -3.75065517 16.8854828 3.46815324
v -3.87459111 18.1229095 4.67512608
v -3.36791277 20.2795677 5.90747166
v -2.06806803 22.1180286 5.91166115
v -0.371161222 23.9211349 5.4069519
v 1.60323763 26.5019875 5.23240471
v 1.51415968 26.5740395 5.40137291
v -0.578384638 24.0105839 5.73321819
v -2.23599839 22.2088852 6.19176197
v -3.58718657 20.233532 6.1324749
v -4.16746044 17.9108601 4.84697151
v -3.9628787 16.7206459 3.58312392
v -3.13941574 16.241394 1.44946718
v -3.02622128 16.5384026 1.56544328
v -4.15908861 17.0746727 3.06353736
v -4.41934013 18.3259678 4.26251507
v -4.04872751 20.5067978 5.55789423
v -2.74295664 22.3658638 5.70825434
v -0.980951786 24.1891804 5.39185572
v 1.02278876 26.7989578 5.43844414
v 0.914274693 26.8718185 5.59822798
v -1.22587883 24.2796307 5.6964283
v -2.94320631 22.4577389 5.9708519
v -4.29437828 20.4602451 5.75935078
v -4.73297215 18.1115437 4.40227747
v -4.38528299 16.9079876 3.1552124
v -3.31698418 16.4223499 1.10562289
v -3.21619892 16.7226696 1.23482656
v -4.52214813 17.2649155 2.61363935
v -4.91773748 18.530159 3.78942728
v -4.69013214 20.7352962 5.13262606
v -3.39473915 22.6150856 5.42972183
v -1.5886761 24.458725 5.30876923
v 0.419728994 27.0975914 5.57962036
v 0.29281497 27.1712627 5.72805834
v -1.8688637 24.5501823 5.58745813
v -3.62533617 22.7079849 5.67122412
v -4.95951843 20.6882248 5.30761003
v -5.24854088 18.313343 3.89481163
v -4.7597065 17.0963726 2.68047595
v -3.45631957 16.6043053 0.74229598
v -3.3694036 16.9079533 0.883342147
v -4.8351059 17.456213 2.12375212
v -5.36338377 18.7354832 3.26135302
v -5.28400803 20.9650669 4.63647938
v -4.01525974 22.865696 5.07906628
v -2.18683958 24.7297745 5.15832186
v -0.1986444 27.3978996 5.65380955
v -0.342689276 27.4723873 5.7888689
v -2.4993968 24.8222466 5.40723228
v -4.2738471 22.9596252 5.29612064
v -5.57417965 20.9174747 4.78237438
v -5.7075367 18.516264 3.33047724
v -5.08126831 17.2858009 2.16450548
v -3.55551386 16.7872581 0.363807857
v -3.48376513 17.0942554 0.515160382
v -5.09386683 17.6485596 1.59962964
v -5.75054646 18.9419346 2.68443298
v -5.82283497 21.1961002 4.07512188
v -4.59675932 23.1176853 4.66017866
v -2.76807165 25.0023155 4.94199276
v -0.824844599 27.6998558 5.65975952
v -0.984535694 27.7751656 5.77955818
v -3.10969639 25.095808 5.15757179
v -4.88062525 23.2126503 4.84971142
v -6.13057232 21.1479836 4.18965292
v -6.10404301 18.7202988 2.71584511
v -5.34575176 17.4762688 1.61336589
v -3.61315346 16.97122 -0.0253728032
v -3.557693 17.2815838 0.134618938
v -5.29501724 17.8419647 1.04739547
v -6.07423782 19.1495152 2.06535387
v -6.29981327 21.4283905 3.45497704
v -5.1320076 23.3710403 4.17775869
v -3.32526183 25.276329 4.66206598
v -1.45135045 28.0034409 5.59707928
v -1.62500525 28.0795746 5.69991016
v -3.69228363 25.3708458 4.84114408
v -5.43812084 23.4670448 4.33701372
v -6.62166834 21.3797455 3.53623343
v -6.43293858 18.9254494 2.05804825
v -5.54965878 17.6677837 1.03350031
v -3.6283145 17.1561871 -0.42065075
v -3.59007788 17.4699345 -0.253801495
v -5.43583584 18.0364265 0.473487616
v -6.33024883 19.3582325 1.41126442
v -6.70892334 21.6619568 2.78309608
v -5.6143837 23.6257896 3.63717484
v -3.84840178 25.5541344 4.31844568
v -2.07072639 28.3087006 5.4660635
v -2.25524759 28.3864079 5.54893923
v -4.23690891 25.6497097 4.45831966
v -5.93942976 23.7228413 3.76373982
v -7.04125881 21.6127834 2.82955456
v -6.68992615 19.1317253 1.36469257
v -5.69021893 17.8603458 0.431674361
v -3.60059023 17.3421516 -0.817394257
v -3.58031273 17.6592999 -0.645560205
v -5.51433277 18.2319374 -0.115438774
v -6.51518822 19.5680809 0.729691744
v -7.04496098 21.8967934 2.06712317
v -6.03789663 23.8819256 3.04448414
v -4.25336742 25.8900414 3.84392357
v -2.63917208 28.6373882 5.22485447
v -2.81810451 28.7264214 5.26908207
v -4.65864277 25.9890995 3.94132948
v -6.37832165 23.9800301 3.1363194
v -7.38399792 21.847086 2.07766271
v -6.87158298 19.3391171 0.643766463
v -5.7654295 18.0539474 -0.185128763
v -3.53006935 17.5291214 -1.21099019
v -3.52828169 17.8496914 -1.03610992
v -5.52925301 18.4285049 -0.712596238
v -6.62650776 19.7790604 0.0284463465
v -7.30360413 22.1328888 1.31519723
v -6.36626387 24.1622543 2.38074112
v -4.54016209 26.2854862 3.26524234
v -3.1360445 29.0045414 4.8692255
v -3.32001519 29.10252 4.89447069
v -4.95296621 26.3897629 3.30957651
v -6.72845888 24.2542896 2.44449234
v -7.64546394 22.0826454 1.28910935
v -6.97537613 19.5476246 -0.096462816
v -5.77405596 18.2485943 -0.809797525
v -3.41733599 17.7170963 -1.59687042
v -3.43435764 18.0411053 -1.42092907
v -5.4800806 18.6261272 -1.31112349
v -6.66252613 19.9911709 -0.684469938
v -7.48144722 22.3702488 0.535814285
v -6.54611397 24.4997597 1.61654592
v -4.80278444 26.7108803 2.7425673
v -3.64316583 29.3891182 4.55363655
v -3.83284998 29.4860249 4.56620693
v -5.21544266 26.819767 2.72622442
v -6.92905092 24.5851936 1.65248525
v -7.82219791 22.3194656 0.472810745
v -6.99968624 19.7572517 -0.847539723
v -5.71564007 18.4442863 -1.43514967
v -3.26345444 17.9060669 -1.97057056
v -3.29939127 18.2335339 -1.79557776
v -5.36703682 18.8248005 -1.90418088
v -6.62243032 20.2044125 -1.40097404
v -7.57602692 22.6088829 -0.262281954
v -6.60749054 24.8644886 0.793437302
v -5.05189133 27.1344624 2.28062963
v -4.08990526 29.6798382 4.21934891
v -4.25350809 29.7522907 4.19791126
v -5.46367216 27.2459087 2.20846009
v -7.00669718 24.9446526 0.79956466
v -7.91172886 22.5575562 -0.362068713
v -6.94381332 19.9679985 -1.60093951
v -5.5904932 18.6410198 -2.05403471
v -3.069942 18.0960369 -2.32781363
v -3.12468743 18.4269791 -2.15577698
v -5.19105721 19.0245209 -2.48504901
v -6.50626802 20.4187775 -2.11299443
v -7.5858345 22.848772 -1.07016611
v -6.5804553 25.2283058 -0.0508188047
v -5.21932793 27.5025101 1.78993952
v -4.42442179 29.8544235 3.84394312
v -4.5599637 29.9126759 3.80272651
v -5.67190075 27.6381054 1.69459176
v -6.99209738 25.303484 -0.0754003525
v -7.9125824 22.7969017 -1.2061888
v -6.80796146 20.1798553 -2.34816933
v -5.39967203 18.8387909 -2.65943718
v -2.83874536 18.2870178 -2.66452909
v -2.9119823 18.6214561 -2.49743366
v -4.95377016 19.2253075 -3.04717398
v -6.31492805 20.6342831 -2.81254935
v -7.50932598 23.0905266 -1.87952113
v -6.48969412 25.5696678 -0.887692094
v -5.31366587 27.8104248 1.23454392
v -4.66725731 29.9656754 3.44876337
v -4.77769995 30.0178013 3.39318609
v -5.8063159 27.9710445 1.1186831
v -6.910151 25.6397343 -0.943250299
v -7.82427454 23.0375156 -2.05015969
v -6.5932188 20.3928375 -3.08084416
v -5.14495468 19.0376148 -3.24452305
v -2.57223225 18.4790001 -2.97686458
v -2.66343594 18.8169498 -2.8166523
v -4.6574831 19.4271412 -3.58421993
v -6.05013752 20.8509159 -3.49181676
v -7.33574915 23.3401833 -2.68853903
v -6.35310698 25.874691 -1.69806397
v -5.4003396 28.085865 0.643990397
v -4.84104109 30.041502 3.02575731
v -4.93581295 30.0933094 2.95609593
v -5.89822388 28.2524948 0.479014933
v -6.77859735 25.9397697 -1.78456545
v -7.64731407 23.2793865 -2.88463068
v -6.30155134 20.6069355 -3.79076409
v -4.8288312 19.2374783 -3.80269194
v -2.27313137 18.6719875 -3.26127672
v -2.38157845 19.0134678 -3.10982347
v -4.3051281 19.6300354 -4.09017801
v -5.71440601 21.0686855 -4.14325523
v -7.07461977 23.5916271 -3.48219347
v -6.18152189 26.1372375 -2.4706614
v -5.4929986 28.3303432 0.0324979424
v -4.98335266 30.0979099 2.56918907
v -5.08367014 30.1557903 2.48825836
v -5.83640099 28.4285793 -0.295785725
v -6.60787916 26.1982841 -2.58791566
v -7.38262939 23.5227985 -3.70074749
v -5.93574619 20.822155 -4.47003841
v -4.45443678 19.4383907 -4.32769489
v -1.94452333 18.8659706 -3.51452684
v -2.06929851 19.2110004 -3.37362528
v -3.90023875 19.8339767 -4.55939627
v -5.31100559 21.2875843 -4.75965643
v -6.73835707 23.8393707 -4.24547291
v -5.97899866 26.3583565 -3.19995594
v -5.50459099 28.4993286 -0.657021463
v -5.16146088 30.1553593 2.09280777
v -5.28479099 30.2217903 1.99623895
v -5.82272863 28.5904541 -1.04785812
v -6.40203714 26.417429 -3.34740996
v -7.03269625 23.7676163 -4.48947859
v -5.49938393 21.0384903 -5.11114216
v -4.02553177 19.6403408 -4.8136611
v -1.58976519 19.0609608 -3.73375273
v -1.72977519 19.4095573 -3.60508823
v -3.44687581 20.0389748 -4.98665571
v -4.84391117 21.5076103 -5.33422184
v -6.33463001 24.0825882 -4.96814013
v -5.74564314 26.5444965 -3.88313627
v -5.47580481 28.6184464 -1.36977267
v -5.35184002 30.1986294 1.55515826
v -5.45771313 30.2567043 1.41094851
v -5.77043104 28.7042599 -1.8070569
v -6.16038084 26.6055355 -4.06040764
v -6.60320139 24.0128384 -5.24086618
v -4.99677753 21.2559414 -5.70699739
v -3.54642487 19.8433361 -5.25518274
v -1.212502 19.2569523 -3.91643691
v -1.36648536 19.6091347 -3.80157566
v -2.949615 20.2450256 -5.36719513
v -4.31776285 21.7287693 -5.86063194
v -5.8665843 24.3237934 -5.64386177
v -5.47767591 26.7071819 -4.51948357
v -5.40764141 28.6982059 -2.08120632
v -5.47015333 30.2038689 0.90452826
v -5.55679464 30.2562046 0.713154197
v -5.68251228 28.782423 -2.54396176
v -5.87930155 26.7757435 -4.72606277
v -6.08229303 24.2634926 -5.95498037
v -4.4329319 21.4745102 -6.25103855
v -3.02195644 20.0473766 -5.64733315
v -0.81657815 19.4539433 -4.0604744
v -0.983118296 19.8097305 -3.96084619
v -2.41344571 20.4521313 -5.69678116
v -3.73776722 21.9510612 -6.33311796
v -5.33444452 24.5665436 -6.26854324
v -5.17012453 26.8611622 -5.1088891
v -5.30190134 28.7522793 -2.7644217
v -5.51716137 30.1881809 0.15633899
v -5.58491087 30.2381039 -0.077226162
v -5.56265068 28.8414001 -3.22838807
v -5.43125582 26.9540329 -5.39689159
v -5.51079273 24.508749 -6.60592461
v -3.81343961 21.6942005 -6.73729467
v -2.4573946 20.2524586 -5.98574257
v -0.406015277 19.6519337 -4.16417122
v -0.583560467 20.0113449 -4.08105326
v -1.84375155 20.6602859 -5.97172356
v -3.10969901 22.1744785 -6.74647999
v -4.73309088 24.8139019 -6.84063816
v -4.82058477 27.0231953 -5.65069294
v -5.184937 28.8114777 -3.3738122
v -5.50017166 30.1708813 -0.661548853
v -5.55155802 30.2249794 -0.929000318
v -5.44534063 28.8820724 -3.7974515
v -5.05618525 27.1140003 -5.96325493
v -4.86925459 24.7571678 -7.19981956
v -3.14447451 21.9150028 -7.1604023
v -1.85841095 20.45858 -6.26661587
v -0.00564569235 19.8504124 -4.27168512
v -0.188818872 20.2135696 -4.19695997
v -1.3625772 20.8692722 -6.16666698
v -2.59898901 22.3992462 -7.01199722
v -4.23196983 25.0658073 -7.18904257
v -4.44890261 27.2111645 -5.97445917
v -5.01957798 28.8961563 -3.6727066
v -5.42423868 30.17663 -1.1041224
v -5.4712348 30.2313843 -1.381127
v -5.27681541 28.9645214 -4.08221912
v -4.69457769 27.3091755 -6.29181767
v -4.34925795 25.0088501 -7.55853462
v -2.61294913 22.1370659 -7.43093872
v -1.36232781 20.6654644 -6.46461964
v -0.00564569235 19.8504124 -4.27168512
v -0.00873053912 19.8565292 -4.27042675
v -0.0173180848 19.8735542 -4.26692343
v -0.0304078404 19.8995056 -4.26158333
v -0.0469993129 19.9323997 -4.25481462
v -0.0660920143 19.970253 -4.24702597
v -0.0866854489 20.0110817 -4.23862505
v -0.10777913 20.0529022 -4.23002005
v -0.128372565 20.0937309 -4.22161913
v -0.147465259 20.1315842 -4.21382999
v -0.164056718 20.1644783 -4.20706129
v -0.177146465 20.1904297 -4.20172119
v -0.185734004 20.2074566 -4.19821787
v -0.188818872 20.2135696 -4.19695997
v -0.208586335 20.2246132 -4.2301321
v -0.263614625 20.2553539 -4.32247639
v -0.347492695 20.3022118 -4.46323395
v -0.45380947 20.3616028 -4.64164639
v -0.576153874 20.4299488 -4.84695482
v -0.708114862 20.5036659 -5.06840134
v -0.843281388 20.579174 -5.29522705
v -0.975242376 20.6528912 -5.51667356
v -1.09758675 20.7212353 -5.721982
v -1.20390344 20.7806263 -5.90039396
v -1.28778148 20.8274822 -6.04115105
v -1.34280968 20.8582211 -6.13349485
v -1.3625772 20.8692722 -6.16666698
v -1.38339984 20.8950386 -6.18090343
v -1.44136548 20.9667664 -6.22053432
v -1.5297209 21.0760994 -6.28094244
v -1.64171278 21.2146816 -6.35751104
v -1.7705878 21.374155 -6.44562244
v -1.90959275 21.5461636 -6.54065943
v -2.0519743 21.7223511 -6.63800526
v -2.19097924 21.8943596 -6.73304272
v -2.31985426 22.053833 -6.82115412
v -2.43184614 22.1924152 -6.89772272
v -2.52020144 22.3017483 -6.95813131
v -2.5781672 22.3734779 -6.9977622
v -2.59898901 22.3992462 -7.01199722
v -2.62649035 22.4441547 -7.01497889
v -2.70304799 22.56917 -7.02327919
v -2.81974244 22.7597256 -7.03593111
v -2.96765471 23.0012569 -7.05196762
v -3.1378653 23.2792015 -7.07042122
v -3.32145476 23.5789928 -7.09032536
v -3.50950384 23.8860664 -7.11071301
v -3.6930933 24.1858578 -7.13061714
v -3.86330366 24.4638023 -7.14907074
v -4.01121569 24.7053337 -7.16510677
v -4.12791014 24.8958893 -7.17775822
v -4.2044673 25.0209026 -7.18605804
v -4.23196983 25.0658073 -7.18904257
v -4.2354207 25.1019382 -7.16823959
v -4.24505091 25.2025204 -7.11036921
v -4.25977659 25.3558331 -7.02223969
v -4.27851439 25.5501595 -6.91065884
v -4.30018091 25.7737808 -6.78243494
v -4.32369232 26.0149784 -6.6443758
v -4.34796476 26.2620354 -6.5032897
v -4.37191486 26.503231 -6.36598444
v -4.39445925 26.7268486 -6.2392683
v -4.41451359 26.9211712 -6.12994957
v -4.43099499 27.0744781 -6.04483604
v -4.4428196 27.1750526 -5.99073601
v -4.44890261 27.2111645 -5.97445917
v -4.46095371 27.2395382 -5.9398694
v -4.48936892 27.318531 -5.83479929
v -4.5311327 27.438942 -5.67199469
v -4.58323002 27.5915642 -5.46420193
v -4.64264536 27.7671967 -5.22416735
v -4.70636368 27.9566345 -4.9646368
v -4.77136946 28.1506748 -4.69835615
v -4.83464718 28.3401146 -4.43807173
v -4.8931818 28.515749 -4.19652987
v -4.94395733 28.668375 -3.98647642
v -4.9839592 28.7887878 -3.82065749
v -5.01017141 28.8677864 -3.71181917
v -5.01957798 28.8961563 -3.6727066
v -5.02639294 28.9177208 -3.62944865
v -5.04536438 28.9777527 -3.50902796
v -5.07428169 29.0692577 -3.32547402
v -5.11093521 29.1852417 -3.09281659
v -5.15311432 29.3187103 -2.82508516
v -5.19860888 29.4626694 -2.53630948
v -5.24520826 29.6101246 -2.24051905
v -5.29070234 29.7540836 -1.95174325
v -5.33288097 29.8875523 -1.68401182
v -5.36953402 30.0035343 -1.45135438
v -5.39845133 30.0950375 -1.26780057
v -5.41742229 30.1550694 -1.14737988
v -5.42423868 30.17663 -1.1041224
v -5.42503023 30.1775513 -1.10878742
v -5.4272337 30.1801186 -1.12177396
v -5.43059206 30.1840305 -1.14156902
v -5.43484879 30.1889896 -1.16665959
v -5.43974733 30.1946964 -1.19553268
v -5.44503069 30.2008514 -1.22667515
v -5.45044279 30.2071571 -1.25857413
v -5.45572615 30.2133121 -1.2897166
v -5.46062469 30.2190189 -1.31858957
v -5.46488142 30.223978 -1.34368014
v -5.46823978 30.22789 -1.3634752
v -5.47044325 30.2304554 -1.37646174
v -5.4712348 30.2313843 -1.381127
v -5.46796036 30.2100487 -1.42661691
v -5.45884562 30.1506557 -1.55325007
v -5.44495201 30.0601234 -1.74627328
v -5.42734194 29.9453735 -1.99093318
v -5.40707684 29.813324 -2.27247643
v -5.3852191 29.6708946 -2.5761497
v -5.36283016 29.5250072 -2.8871994
v -5.34097242 29.3825779 -3.19087243
v -5.32070732 29.2505283 -3.47241545
v -5.30309725 29.1357784 -3.71707511
v -5.28920364 29.0452461 -3.91009808
v -5.2800889 28.9858532 -4.03673077
v -5.27681541 28.9645214 -4.08221912
v -5.26700974 28.9366436 -4.11943102
v -5.23971319 28.8590374 -4.22302151
v -5.19810581 28.7407455 -4.38092184
v -5.14536762 28.590807 -4.58106279
v -5.08467913 28.4182644 -4.81137609
v -5.01922035 28.2321606 -5.05979252
v -4.9521718 28.0415363 -5.31424332
v -4.88671303 27.8554325 -5.56265974
v -4.82602453 27.6828918 -5.79297304
v -4.77328634 27.5329533 -5.99311399
v -4.73167896 27.4146614 -6.15101433
v -4.70438242 27.3370552 -6.25460482
v -4.69457769 27.3091755 -6.29181767
v -4.68876219 27.2704353 -6.31315088
v -4.67257261 27.1625919 -6.37253714
v -4.64789581 26.9982071 -6.46305799
v -4.6166172 26.7898483 -6.57779455
v -4.58062363 26.5500774 -6.70982838
v -4.5418005 26.29146 -6.85224009
v -4.50203419 26.0265617 -6.99811125
v -4.46321106 25.7679443 -7.14052296
v -4.42721701 25.5281734 -7.2725563
v -4.3959384 25.3198147 -7.38729286
v -4.37126112 25.1554298 -7.47781372
v -4.35507154 25.0475845 -7.53719997
v -4.34925795 25.0088501 -7.55853462
v -4.32001686 24.9604855 -7.55638552
v -4.23861504 24.8258495 -7.55040359
v -4.11453676 24.6206284 -7.54128551
v -3.95726538 24.360508 -7.52972794
v -3.77628469 24.0611725 -7.51642799
v -3.58107853 23.7383099 -7.50208282
v -3.38113046 23.4076042 -7.48738909
v -3.18592429 23.0847416 -7.47304392
v -3.00494361 22.7854061 -7.45974398
v -2.84767222 22.5252857 -7.4481864
v -2.72359371 22.3200645 -7.43906784
v -2.64219189 22.1854286 -7.43308544
v -2.61294913 22.1370659 -7.43093872
v -2.59188724 22.1122818 -7.41466475
v -2.53325534 22.0432911 -7.3693614
v -2.44388461 21.9381294 -7.30030727
v -2.33060575 21.8048344 -7.21278
v -2.20024967 21.6514454 -7.11205769
v -2.05964732 21.4860001 -7.00341845
v -1.91562951 21.3165359 -6.89213991
v -1.77502716 21.1510906 -6.78350067
v -1.6446712 20.9977016 -6.68277836
v -1.53139246 20.8644085 -6.59525108
v -1.44202185 20.7592468 -6.52619696
v -1.38339019 20.6902561 -6.48089409
v -1.36232781 20.6654644 -6.46461964
v -1.33947992 20.6517391 -6.4276886
v -1.27587593 20.6135273 -6.32487965
v -1.17892611 20.5552826 -6.16817045
v -1.05604053 20.4814568 -5.96953869
v -0.914629459 20.3965015 -5.74096251
v -0.762103081 20.3048687 -5.49441957
v -0.605871618 20.21101 -5.24188805
v -0.45334518 20.1193771 -4.99534512
v -0.311933994 20.0344219 -4.76676893
v -0.189048231 19.9605961 -4.56813717
v -0.0920980945 19.9023533 -4.4114275
v -0.0284937695 19.8641434 -4.30861807
g 
f 1 182 181 180 179 178 177 176 175 174 173 172 171 170 169 168 167 166 165 164 163 162 161 160 159 158 157 156 155 154 153 152 151 150 149 148 147 146 145 144 143 142 141 140 139 138 137 136 135 134 133 132 131 130 129 128 127 126 125 124 123 122 121 120 119 118 117 116 115 114 113 112 111 110 109 108 107 106 105 104 103 102 101 100 99 98 97 96 95 94 93 92 91 90 89 88 87 86 85 84 83 82 81 80 79 78 77 76 75 74 73 72 71 70 69 68 67 66 65 64 63 62 61 60 59 58 57 56 55 54 53 52 51 50 49 48 47 46 45 44 43 42 41 40 39 38 37 36 35 34 33 32 31 30 29 28 27 26 25 24 23 22 21 20 19 18 17 16 15 14 13 12 11 10 9 8 7 6 5 4 3 2
f 183 197 198 184
f 184 198 199 185
f 185 199 200 186
f 186 200 201 187
f 187 201 202 188
f 188 202 203 189
f 189 203 204 190
f 190 204 205 191
f 191 205 206 192
f 192 206 207 193
f 193 207 208 194
f 194 208 209 195
f 195 209 210 196
f 196 210 197 183
f 197 211 212 198
f 198 212 213 199
f 199 213 214 200
f 200 214 215 201
f 201 215 216 202
f 202 216 217 203
f 203 217 218 204
f 204 218 219 205
f 205 219 220 206
f 206 220 221 207
f 207 221 222 208
f 208 222 223 209
f 209 223 224 210
f 210 224 211 197
f 211 225 226 212
f 212 226 227 213
f 213 227 228 214
f 214 228 229 215
f 215 229 230 216
f 216 230 231 217
f 217 231 232 218
f 218 232 233 219
f 219 233 234 220
f 220 234 235 221
f 221 235 236 222
f 222 236 237 223
f 223 237 238 224
f 224 238 225 211
f 225 239 240 226
f 226 240 241 227
f 227 241 242 228
f 228 242 243 229
f 229 243 244 230
f 230 244 245 231
f 231 245 246 232
f 232 246 247 233
f 233 247 248 234
f 234 248 249 235
f 235 249 250 236
f 236 250 251 237
f 237 251 252 238
f 238 252 239 225
f 239 253 254 240
f 240 254 255 241
f 241 255 256 242
f 242 256 257 243
f 243 257 258 244
f 244 258 259 245
f 245 259 260 246
f 246 260 261 247
f 247 261 262 248
f 248 262 263 249
f 249 263 264 250
f 250 264 265 251
f 251 265 266 252
f 252 266 253 239
f 253 267 268 254
f 254 268 269 255
f 255 269 270 256
f 256 270 271 257
f 257 271 272 258
f 258 272 273 259
f 259 273 274 260
f 260 274 275 261
f 261 275 276 262
f 262 276 277 263
f 263 277 278 264
f 264 278 279 265
f 265 279 280 266
f 266 280 267 253
f 267 281 282 268
f 268 282 283 269
f 269 283 284 270
f 270 284 285 271
f 271 285 286 272
f 272 286 287 273
f 273 287 288 274
f 274 288 289 275
f 275 289 290 276
f 276 290 291 277
f 277 291 292 278
f 278 292 293 279
f 279 293 294 280
f 280 294 281 267
f 281 295 296 282
f 282 296 297 283
f 283 297 298 284
f 284 298 299 285
f 285 299 300 286
f 286 300 301 287
f 287 301 302 288
f 288 302 303 289
f 289 303 304 290
f 290 304 305 291
f 291 305 306 292
f 292 306 307 293
f 293 307 308 294
f 294 308 295 281
f 295 309 310 296
f 296 310 311 297
f 297 311 312 298
f 298 312 313 299
f 299 313 314 300
f 300 314 315 301
f 301 315 316 302
f 302 316 317 303
f 303 317 318 304
f 304 318 319 305
f 305 319 320 306
f 306 320 321 307
f 307 321 322 308
f 308 322 309 295
f 309 323 324 310
f 310 324 325 311
f 311 325 326 312
f 312 326 327 313
f 313 327 328 314
f 314 328 329 315
f 315 329 330 316
f 316 330 331 317
f 317 331 332 318
f 318 332 333 319
f 319 333 334 320
f 320 334 335 321
f 321 335 336 322
f 322 336 323 309
f 323 337 338 324
f 324 338 339 325
f 325 339 340 326
f 326 340 341 327
f 327 341 342 328
f 328 342 343 329
f 329 343 344 330
f 330 344 345 331
f 331 345 346 332
f 332 346 347 333
f 333 347 348 334
f 334 348 349 335
f 335 349 350 336
f 336 350 337 323
f 337 351 352 338
f 338 352 353 339
f 339 353 354 340
f 340 354 355 341
f 341 355 356 342
f 342 356 357 343
f 343 357 358 344
f 344 358 359 345
f 345 359 360 346
f 346 360 361 347
f 347 361 362 348
f 348 362 363 349
f 349 363 364 350
f 350 364 351 337
f 351 365 366 352
f 352 366 367 353
f 353 367 368 354
f 354 368 369 355
f 355 369 370 356
f 356 370 371 357
f 357 371 372 358
f 358 372 373 359
f 359 373 374 360
f 360 374 375 361
f 361 375 376 362
f 362 376 377 363
f 363 377 378 364
f 364 378 365 351
f 365 379 380 366
f 366 380 381 367
f 367 381 382 368
f 368 382 383 369
f 369 383 384 370
f 370 384 385 371
f 371 385 386 372
f 372 386 387 373
f 373 387 388 374
f 374 388 389 375
f 375 389 390 376
f 376 390 391 377
f 377 391 392 378
f 378 392 379 365
f 379 393 394 380
f 380 394 395 381
f 381 395 396 382
f 382 396 397 383
f 383 397 398 384
f 384 398 399 385
f 385 399 400 386
f 386 400 401 387
f 387 401 402 388
f 388 402 403 389
f 389 403 404 390
f 390 404 405 391
f 391 405 406 392
f 392 406 393 379
f 393 407 408 394
f 394 408 409 395
f 395 409 410 396
f 396 410 411 397
f 397 411 412 398
f 398 412 413 399
f 399 413 414 400
f 400 414 415 401
f 401 415 416 402
f 402 416 417 403
f 403 417 418 404
f 404 418 419 405
f 405 419 420 406
f 406 420 407 393
f 407 421 422 408
f 408 422 423 409
f 409 423 424 410
f 410 424 425 411
f 411 425 426 412
f 412 426 427 413
f 413 427 428 414
f 414 428 429 415
f 415 429 430 416
f 416 430 431 417
f 417 431 432 418
f 418 432 433 419
f 419 433 434 420
f 420 434 421 407
f 421 435 436 422
f 422 436 437 423
f 423 437 438 424
f 424 438 439 425
f 425 439 440 426
f 426 440 441 427
f 427 441 442 428
f 428 442 443 429
f 429 443 444 430
f 430 444 445 431
f 431 445 446 432
f 432 446 447 433
f 433 447 448 434
f 434 448 435 421
f 435 449 450 436
f 436 450 451 437
f 437 451 452 438
f 438 452 453 439
f 439 453 454 440
f 440 454 455 441
f 441 455 456 442
f 442 456 457 443
f 443 457 458 444
f 444 458 459 445
f 445 459 460 446
f 446 460 461 447
f 447 461 462 448
f 448 462 449 435
f 449 463 464 450
f 450 464 465 451
f 451 465 466 452
f 452 466 467 453
f 453 467 468 454
f 454 468 469 455
f 455 469 470 456
f 456 470 471 457
f 457 471 472 458
f 458 472 473 459
f 459 473 474 460
f 460 474 475 461
f 461 475 476 462
f 462 476 463 449
f 463 477 478 464
f 464 478 479 465
f 465 479 480 466
f 466 480 481 467
f 467 481 482 468
f 468 482 483 469
f 469 483 484 470
f 470 484 485 471
f 471 485 486 472
f 472 486 487 473
f 473 487 488 474
f 474 488 489 475
f 475 489 490 476
f 476 490 477 463
f 477 491 492 478
f 478 492 493 479
f 479 493 494 480
f 480 494 495 481
f 481 495 496 482
f 482 496 497 483
f 483 497 498 484
f 484 498 499 485
f 485 499 500 486
f 486 500 501 487
f 487 501 502 488
f 488 502 503 489
f 489 503 504 490
f 490 504 491 477
f 491 505 506 492
f 492 506 507 493
f 493 507 508 494
f 494 508 509 495
f 495 509 510 496
f 496 510 511 497
f 497 511 512 498
f 498 512 513 499
f 499 513 514 500
f 500 514 515 501
f 501 515 516 502
f 502 516 517 503
f 503 517 518 504
f 504 518 505 491
f 505 519 520 506
f 506 520 521 507
f 507 521 522 508
f 508 522 523 509
f 509 523 524 510
f 510 524 525 511
f 511 525 526 512
f 512 526 527 513
f 513 527 528 514
f 514 528 529 515
f 515 529 530 516
f 516 530 531 517
f 517 531 532 518
f 518 532 519 505
f 519 533 534 520
f 520 534 535 521
f 521 535 536 522
f 522 536 537 523
f 523 537 538 524
f 524 538 539 525
f 525 539 540 526
f 526 540 541 527
f 527 541 542 528
f 528 542 543 529
f 529 543 544 530
f 530 544 545 531
f 531 545 546 532
f 532 546 533 519
f 533 547 548 534
f 534 548 549 535
f 535 549 550 536
f 536 550 551 537
f 537 551 552 538
f 538 552 553 539
f 539 553 554 540
f 540 554 555 541
f 541 555 556 542
f 542 556 557 543
f 543 557 558 544
f 544 558 559 545
f 545 559 560 546
f 546 560 547 533
f 547 561 562 548
f 548 562 563 549
f 549 563 564 550
f 550 564 565 551
f 551 565 566 552
f 552 566 567 553
f 553 567 568 554
f 554 568 569 555
f 555 569 570 556
f 556 570 571 557
f 557 571 572 558
f 558 572 573 559
f 559 573 574 560
f 560 574 561 547
f 561 575 576 562
f 562 576 577 563
f 563 577 578 564
f 564 578 579 565
f 565 579 580 566
f 566 580 581 567
f 567 581 582 568
f 568 582 583 569
f 569 583 584 570
f 570 584 585 571
f 571 585 586 572
f 572 586 587 573
f 573 587 588 574
f 574 588 575 561
f 575 589 590 576
f 576 590 591 577
f 577 591 592 578
f 578 592 593 579
f 579 593 594 580
f 580 594 595 581
f 581 595 596 582
f 582 596 597 583
f 583 597 598 584
f 584 598 599 585
f 585 599 600 586
f 586 600 601 587
f 587 601 602 588
f 588 602 589 575
f 589 603 604 590
f 590 604 605 591
f 591 605 606 592
f 592 606 607 593
f 593 607 608 594
f 594 608 609 595
f 595 609 610 596
f 596 610 611 597
f 597 611 612 598
f 598 612 613 599
f 599 613 614 600
f 600 614 615 601
f 601 615 616 602
f 602 616 603 589
f 603 617 618 604
f 604 618 619 605
f 605 619 620 606
f 606 620 621 607
f 607 621 622 608
f 608 622 623 609
f 609 623 624 610
f 610 624 625 611
f 611 625 626 612
f 612 626 627 613
f 613 627 628 614
f 614 628 629 615
f 615 629 630 616
f 616 630 617 603
f 617 631 632 618
f 618 632 633 619
f 619 633 634 620
f 620 634 635 621
f 621 635 636 622
f 622 636 637 623
f 623 637 638 624
f 624 638 639 625
f 625 639 640 626
f 626 640 641 627
f 627 641 642 628
f 628 642 643 629
f 629 643 644 630
f 630 644 631 617
f 631 645 646 632
f 632 646 647 633
f 633 647 648 634
f 634 648 649 635
f 635 649 650 636
f 636 650 651 637
f 637 651 652 638
f 638 652 653 639
f 639 653 654 640
f 640 654 655 641
f 641 655 656 642
f 642 656 657 643
f 643 657 658 644
f 644 658 645 631
f 645 659 660 646
f 646 660 661 647
f 647 661 662 648
f 648 662 663 649
f 649 663 664 650
f 650 664 665 651
f 651 665 666 652
f 652 666 667 653
f 653 667 668 654
f 654 668 669 655
f 655 669 670 656
f 656 670 671 657
f 657 671 672 658
f 658 672 659 645
f 659 673 674 660
f 660 674 675 661
f 661 675 676 662
f 662 676 677 663
f 663 677 678 664
f 664 678 679 665
f 665 679 680 666
f 666 680 681 667
f 667 681 682 668
f 668 682 683 669
f 669 683 684 670
f 670 684 685 671
f 671 685 686 672
f 672 686 673 659
f 673 687 688 674
f 674 688 689 675
f 675 689 690 676
f 676 690 691 677
f 677 691 692 678
f 678 692 693 679
f 679 693 694 680
f 680 694 695 681
f 681 695 696 682
f 682 696 697 683
f 683 697 698 684
f 684 698 699 685
f 685 699 700 686
f 686 700 687 673
f 687 701 702 688
f 688 702 703 689
f 689 703 704 690
f 690 704 705 691
f 691 705 706 692
f 692 706 707 693
f 693 707 708 694
f 694 708 709 695
f 695 709 710 696
f 696 710 711 697
f 697 711 712 698
f 698 712 713 699
f 699 713 714 700
f 700 714 701 687
f 701 715 716 702
f 702 716 717 703
f 703 717 718 704
f 704 718 719 705
f 705 719 720 706
f 706 720 721 707
f 707 721 722 708
f 708 722 723 709
f 709 723 724 710
f 710 724 725 711
f 711 725 726 712
f 712 726 727 713
f 713 727 728 714
f 714 728 715 701
f 715 729 730 716
f 716 730 731 717
f 717 731 732 718
f 718 732 733 719
f 719 733 734 720
f 720 734 735 721
f 721 735 736 722
f 722 736 737 723
f 723 737 738 724
f 724 738 739 725
f 725 739 740 726
f 726 740 741 727
f 727 741 742 728
f 728 742 729 715
f 729 743 744 730
f 730 744 745 731
f 731 745 746 732
f 732 746 747 733
f 733 747 748 734
f 734 748 749 735
f 735 749 750 736
f 736 750 751 737
f 737 751 752 738
f 738 752 753 739
f 739 753 754 740
f 740 754 755 741
f 741 755 756 742
f 742 756 743 729
f 743 757 758 744
f 744 758 759 745
f 745 759 760 746
f 746 760 761 747
f 747 761 762 748
f 748 762 763 749
f 749 763 764 750
f 750 764 765 751
f 751 765 766 752
f 752 766 767 753
f 753 767 768 754
f 754 768 769 755
f 755 769 770 756
f 756 770 757 743
f 757 771 772 758
f 758 772 773 759
f 759 773 774 760
f 760 774 775 761
f 761 775 776 762
f 762 776 777 763
f 763 777 778 764
f 764 778 779 765
f 765 779 780 766
f 766 780 781 767
f 767 781 782 768
f 768 782 783 769
f 769 783 784 770
f 770 784 771 757
f 771 785 786 772
f 772 786 787 773
f 773 787 788 774
f 774 788 789 775
f 775 789 790 776
f 776 790 791 777
f 777 791 792 778
f 778 792 793 779
f 779 793 794 780
f 780 794 795 781
f 781 795 796 782
f 782 796 797 783
f 783 797 798 784
f 784 798 785 771
f 785 799 800 786
f 786 800 801 787
f 787 801 802 788
f 788 802 803 789
f 789 803 804 790
f 790 804 805 791
f 791 805 806 792
f 792 806 807 793
f 793 807 808 794
f 794 808 809 795
f 795 809 810 796
f 796 810 811 797
f 797 811 812 798
f 798 812 799 785
f 799 813 814 800
f 800 814 815 801
f 801 815 816 802
f 802 816 817 803
f 803 817 818 804
f 804 818 819 805
f 805 819 820 806
f 806 820 821 807
f 807 821 822 808
f 808 822 823 809
f 809 823 824 810
f 810 824 825 811
f 811 825 826 812
f 812 826 813 799
f 813 827 828 814
f 814 828 829 815
f 815 829 830 816
f 816 830 831 817
f 817 831 832 818
f 818 832 833 819
f 819 833 834 820
f 820 834 835 821
f 821 835 836 822
f 822 836 837 823
f 823 837 838 824
f 824 838 839 825
f 825 839 840 826
f 826 840 827 813
f 827 841 842 828
f 828 842 843 829
f 829 843 844 830
f 830 844 845 831
f 831 845 846 832
f 832 846 847 833
f 833 847 848 834
f 834 848 849 835
f 835 849 850 836
f 836 850 851 837
f 837 851 852 838
f 838 852 853 839
f 839 853 854 840
f 840 854 841 827
f 841 855 856 842
f 842 856 857 843
f 843 857 858 844
f 844 858 859 845
f 845 859 860 846
f 846 860 861 847
f 847 861 862 848
f 848 862 863 849
f 849 863 864 850
f 850 864 865 851
f 851 865 866 852
f 852 866 867 853
f 853 867 868 854
f 854 868 855 841
f 855 869 870 856
f 856 870 871 857
f 857 871 872 858
f 858 872 873 859
f 859 873 874 860
f 860 874 875 861
f 861 875 876 862
f 862 876 877 863
f 863 877 878 864
f 864 878 879 865
f 865 879 880 866
f 866 880 881 867
f 867 881 882 868
f 868 882 869 855
f 869 883 884 870
f 870 884 885 871
f 871 885 886 872
f 872 886 887 873
f 873 887 888 874
f 874 888 889 875
f 875 889 890 876
f 876 890 891 877
f 877 891 892 878
f 878 892 893 879
f 879 893 894 880
f 880 894 895 881
f 881 895 896 882
f 882 896 883 869
f 883 897 898 884
f 884 898 899 885
f 885 899 900 886
f 886 900 901 887
f 887 901 902 888
f 888 902 903 889
f 889 903 904 890
f 890 904 905 891
f 891 905 906 892
f 892 906 907 893
f 893 907 908 894
f 894 908 909 895
f 895 909 910 896
f 896 910 897 883
f 897 911 912 898
f 898 912 913 899
f 899 913 914 900
f 900 914 915 901
f 901 915 916 902
f 902 916 917 903
f 903 917 918 904
f 904 918 919 905
f 905 919 920 906
f 906 920 921 907
f 907 921 922 908
f 908 922 923 909
f 909 923 924 910
f 910 924 911 897
f 911 925 926 912
f 912 926 927 913
f 913 927 928 914
f 914 928 929 915
f 915 929 930 916
f 916 930 931 917
f 917 931 932 918
f 918 932 933 919
f 919 933 934 920
f 920 934 935 921
f 921 935 936 922
f 922 936 937 923
f 923 937 938 924
f 924 938 925 911
f 925 939 940 926
f 926 940 941 927
f 927 941 942 928
f 928 942 943 929
f 929 943 944 930
f 930 944 945 931
f 931 945 946 932
f 932 946 947 933
f 933 947 948 934
f 934 948 949 935
f 935 949 950 936
f 936 950 951 937
f 937 951 952 938
f 938 952 939 925
f 939 953 954 940
f 940 954 955 941
f 941 955 956 942
f 942 956 957 943
f 943 957 958 944
f 944 958 959 945
f 945 959 960 946
f 946 960 961 947
f 947 961 962 948
f 948 962 963 949
f 949 963 964 950
f 950 964 965 951
f 951 965 966 952
f 952 966 953 939
f 953 967 968 954
f 954 968 969 955
f 955 969 970 956
f 956 970 971 957
f 957 971 972 958
f 958 972 973 959
f 959 973 974 960
f 960 974 975 961
f 961 975 976 962
f 962 976 977 963
f 963 977 978 964
f 964 978 979 965
f 965 979 980 966
f 966 980 967 953
f 967 981 982 968
f 968 982 983 969
f 969 983 984 970
f 970 984 985 971
f 971 985 986 972
f 972 986 987 973
f 973 987 988 974
f 974 988 989 975
f 975 989 990 976
f 976 990 991 977
f 977 991 992 978
f 978 992 993 979
f 979 993 994 980
f 980 994 981 967
f 981 995 996 982
f 982 996 997 983
f 983 997 998 984
f 984 998 999 985
f 985 999 1000 986
f 986 1000 1001 987
f 987 1001 1002 988
f 988 1002 1003 989
f 989 1003 1004 990
f 990 1004 1005 991
f 991 1005 1006 992
f 992 1006 1007 993
f 993 1007 1008 994
f 994 1008 995 981
f 995 1009 1010 996
f 996 1010 1011 997
f 997 1011 1012 998
f 998 1012 1013 999
f 999 1013 1014 1000
f 1000 1014 1015 1001
f 1001 1015 1016 1002
f 1002 1016 1017 1003
f 1003 1017 1018 1004
f 1004 1018 1019 1005
f 1005 1019 1020 1006
f 1006 1020 1021 1007
f 1007 1021 1022 1008
f 1008 1022 1009 995
f 1009 1023 1024 1010
f 1010 1024 1025 1011
f 1011 1025 1026 1012
f 1012 1026 1027 1013
f 1013 1027 1028 1014
f 1014 1028 1029 1015
f 1015 1029 1030 1016
f 1016 1030 1031 1017
f 1017 1031 1032 1018
f 1018 1032 1033 1019
f 1019 1033 1034 1020
f 1020 1034 1035 1021
f 1021 1035 1036 1022
f 1022 1036 1023 1009
f 1023 1037 1038 1024
f 1024 1038 1039 1025
f 1025 1039 1040 1026
f 1026 1040 1041 1027
f 1027 1041 1042 1028
f 1028 1042 1043 1029
f 1029 1043 1044 1030
f 1030 1044 1045 1031
f 1031 1045 1046 1032
f 1032 1046 1047 1033
f 1033 1047 1048 1034
f 1034 1048 1049 1035
f 1035 1049 1050 1036
f 1036 1050 1037 1023
f 1037 1051 1052 1038
f 1038 1052 1053 1039
f 1039 1053 1054 1040
f 1040 1054 1055 1041
f 1041 1055 1056 1042
f 1042 1056 1057 1043
f 1043 1057 1058 1044
f 1044 1058 1059 1045
f 1045 1059 1060 1046
f 1046 1060 1061 1047
f 1047 1061 1062 1048
f 1048 1062 1063 1049
f 1049 1063 1064 1050
f 1050 1064 1051 1037
f 1051 1065 1066 1052
f 1052 1066 1067 1053
f 1053 1067 1068 1054
f 1054 1068 1069 1055
f 1055 1069 1070 1056
f 1056 1070 1071 1057
f 1057 1071 1072 1058
f 1058 1072 1073 1059
f 1059 1073 1074 1060
f 1060 1074 1075 1061
f 1061 1075 1076 1062
f 1062 1076 1077 1063
f 1063 1077 1078 1064
f 1064 1078 1065 1051
f 1065 1079 1080 1066
f 1066 1080 1081 1067
f 1067 1081 1082 1068
f 1068 1082 1083 1069
f 1069 1083 1084 1070
f 1070 1084 1085 1071
f 1071 1085 1086 1072
f 1072 1086 1087 1073
f 1073 1087 1088 1074
f 1074 1088 1089 1075
f 1075 1089 1090 1076
f 1076 1090 1091 1077
f 1077 1091 1092 1078
f 1078 1092 1079 1065
f 1079 1093 1094 1080
f 1080 1094 1095 1081
f 1081 1095 1096 1082
f 1082 1096 1097 1083
f 1083 1097 1098 1084
f 1084 1098 1099 1085
f 1085 1099 1100 1086
f 1086 1100 1101 1087
f 1087 1101 1102 1088
f 1088 1102 1103 1089
f 1089 1103 1104 1090
f 1090 1104 1105 1091
f 1091 1105 1106 1092
f 1092 1106 1093 1079
f 1093 1107 1108 1094
f 1094 1108 1109 1095
f 1095 1109 1110 1096
f 1096 1110 1111 1097
f 1097 1111 1112 1098
f 1098 1112 1113 1099
f 1099 1113 1114 1100
f 1100 1114 1115 1101
f 1101 1115 1116 1102
f 1102 1116 1117 1103
f 1103 1117 1118 1104
f 1104 1118 1119 1105
f 1105 1119 1120 1106
f 1106 1120 1107 1093
f 1107 1121 1122 1108
f 1108 1122 1123 1109
f 1109 1123 1124 1110
f 1110 1124 1125 1111
f 1111 1125 1126 1112
f 1112 1126 1127 1113
f 1113 1127 1128 1114
f 1114 1128 1129 1115
f 1115 1129 1130 1116
f 1116 1130 1131 1117
f 1117 1131 1132 1118
f 1118 1132 1133 1119
f 1119 1133 1134 1120
f 1120 1134 1121 1107
f 1121 1135 1136 1122
f 1122 1136 1137 1123
f 1123 1137 1138 1124
f 1124 1138 1139 1125
f 1125 1139 1140 1126
f 1126 1140 1141 1127
f 1127 1141 1142 1128
f 1128 1142 1143 1129
f 1129 1143 1144 1130
f 1130 1144 1145 1131
f 1131 1145 1146 1132
f 1132 1146 1147 1133
f 1133 1147 1148 1134
f 1134 1148 1135 1121
f 1135 1149 1150 1136
f 1136 1150 1151 1137
f 1137 1151 1152 1138
f 1138 1152 1153 1139
f 1139 1153 1154 1140
f 1140 1154 1155 1141
f 1141 1155 1156 1142
f 1142 1156 1157 1143
f 1143 1157 1158 1144
f 1144 1158 1159 1145
f 1145 1159 1160 1146
f 1146 1160 1161 1147
f 1147 1161 1162 1148
f 1148 1162 1149 1135
f 1149 1163 1164 1150
f 1150 1164 1165 1151
f 1151 1165 1166 1152
f 1152 1166 1167 1153
f 1153 1167 1168 1154
f 1154 1168 1169 1155
f 1155 1169 1170 1156
f 1156 1170 1171 1157
f 1157 1171 1172 1158
f 1158 1172 1173 1159
f 1159 1173 1174 1160
f 1160 1174 1175 1161
f 1161 1175 1176 1162
f 1162 1176 1163 1149
f 1163 1177 1178 1164
f 1164 1178 1179 1165
f 1165 1179 1180 1166
f 1166 1180 1181 1167
f 1167 1181 1182 1168
f 1168 1182 1183 1169
f 1169 1183 1184 1170
f 1170 1184 1185 1171
f 1171 1185 1186 1172
f 1172 1186 1187 1173
f 1173 1187 1188 1174
f 1174 1188 1189 1175
f 1175 1189 1190 1176
f 1176 1190 1177 1163
f 1177 1191 1192 1178
f 1178 1192 1193 1179
f 1179 1193 1194 1180
f 1180 1194 1195 1181
f 1181 1195 1196 1182
f 1182 1196 1197 1183
f 1183 1197 1198 1184
f 1184 1198 1199 1185
f 1185 1199 1200 1186
f 1186 1200 1201 1187
f 1187 1201 1202 1188
f 1188 1202 1203 1189
f 1189 1203 1204 1190
f 1190 1204 1191 1177
f 1191 1205 1206 1192
f 1192 1206 1207 1193
f 1193 1207 1208 1194
f 1194 1208 1209 1195
f 1195 1209 1210 1196
f 1196 1210 1211 1197
f 1197 1211 1212 1198
f 1198 1212 1213 1199
f 1199 1213 1214 1200
f 1200 1214 1215 1201
f 1201 1215 1216 1202
f 1202 1216 1217 1203
f 1203 1217 1218 1204
f 1204 1218 1205 1191
f 1205 1219 1220 1206
f 1206 1220 1221 1207
f 1207 1221 1222 1208
f 1208 1222 1223 1209
f 1209 1223 1224 1210
f 1210 1224 1225 1211
f 1211 1225 1226 1212
f 1212 1226 1227 1213
f 1213 1227 1228 1214
f 1214 1228 1229 1215
f 1215 1229 1230 1216
f 1216 1230 1231 1217
f 1217 1231 1232 1218
f 1218 1232 1219 1205
f 1219 1233 1234 1220
f 1220 1234 1235 1221
f 1221 1235 1236 1222
f 1222 1236 1237 1223
f 1223 1237 1238 1224
f 1224 1238 1239 1225
f 1225 1239 1240 1226
f 1226 1240 1241 1227
f 1227 1241 1242 1228
f 1228 1242 1243 1229
f 1229 1243 1244 1230
f 1230 1244 1245 1231
f 1231 1245 1246 1232
f 1232 1246 1233 1219
f 1233 1247 1248 1234
f 1234 1248 1249 1235
f 1235 1249 1250 1236
f 1236 1250 1251 1237
f 1237 1251 1252 1238
f 1238 1252 1253 1239
f 1239 1253 1254 1240
f 1240 1254 1255 1241
f 1241 1255 1256 1242
f 1242 1256 1257 1243
f 1243 1257 1258 1244
f 1244 1258 1259 1245
f 1245 1259 1260 1246
f 1246 1260 1247 1233
f 1247 1261 1262 1248
f 1248 1262 1263 1249
f 1249 1263 1264 1250
f 1250 1264 1265 1251
f 1251 1265 1266 1252
f 1252 1266 1267 1253
f 1253 1267 1268 1254
f 1254 1268 1269 1255
f 1255 1269 1270 1256
f 1256 1270 1271 1257
f 1257 1271 1272 1258
f 1258 1272 1273 1259
f 1259 1273 1274 1260
f 1260 1274 1261 1247
f 1261 1275 1276 1262
f 1262 1276 1277 1263
f 1263 1277 1278 1264
f 1264 1278 1279 1265
f 1265 1279 1280 1266
f 1266 1280 1281 1267
f 1267 1281 1282 1268
f 1268 1282 1283 1269
f 1269 1283 1284 1270
f 1270 1284 1285 1271
f 1271 1285 1286 1272
f 1272 1286 1287 1273
f 1273 1287 1288 1274
f 1274 1288 1275 1261
f 1275 1289 1290 1276
f 1276 1290 1291 1277
f 1277 1291 1292 1278
f 1278 1292 1293 1279
f 1279 1293 1294 1280
f 1280 1294 1295 1281
f 1281 1295 1296 1282
f 1282 1296 1297 1283
f 1283 1297 1298 1284
f 1284 1298 1299 1285
f 1285 1299 1300 1286
f 1286 1300 1301 1287
f 1287 1301 1302 1288
f 1288 1302 1289 1275
f 1289 1303 1304 1290
f 1290 1304 1305 1291
f 1291 1305 1306 1292
f 1292 1306 1307 1293
f 1293 1307 1308 1294
f 1294 1308 1309 1295
f 1295 1309 1310 1296
f 1296 1310 1311 1297
f 1297 1311 1312 1298
f 1298 1312 1313 1299
f 1299 1313 1314 1300
f 1300 1314 1315 1301
f 1301 1315 1316 1302
f 1302 1316 1303 1289
f 1303 1317 1318 1304
f 1304 1318 1319 1305
f 1305 1319 1320 1306
f 1306 1320 1321 1307
f 1307 1321 1322 1308
f 1308 1322 1323 1309
f 1309 1323 1324 1310
f 1310 1324 1325 1311
f 1311 1325 1326 1312
f 1312 1326 1327 1313
f 1313 1327 1328 1314
f 1314 1328 1329 1315
f 1315 1329 1330 1316
f 1316 1330 1317 1303
f 1317 1331 1332 1318
f 1318 1332 1333 1319
f 1319 1333 1334 1320
f 1320 1334 1335 1321
f 1321 1335 1336 1322
f 1322 1336 1337 1323
f 1323 1337 1338 1324
f 1324 1338 1339 1325
f 1325 1339 1340 1326
f 1326 1340 1341 1327
f 1327 1341 1342 1328
f 1328 1342 1343 1329
f 1329 1343 1344 1330
f 1330 1344 1331 1317
f 1331 1345 1346 1332
f 1332 1346 1347 1333
f 1333 1347 1348 1334
f 1334 1348 1349 1335
f 1335 1349 1350 1336
f 1336 1350 1351 1337
f 1337 1351 1352 1338
f 1338 1352 1353 1339
f 1339 1353 1354 1340
f 1340 1354 1355 1341
f 1341 1355 1356 1342
f 1342 1356 1357 1343
f 1343 1357 1358 1344
f 1344 1358 1345 1331
f 1345 1359 1360 1346
f 1346 1360 1361 1347
f 1347 1361 1362 1348
f 1348 1362 1363 1349
f 1349 1363 1364 1350
f 1350 1364 1365 1351
f 1351 1365 1366 1352
f 1352 1366 1367 1353
f 1353 1367 1368 1354
f 1354 1368 1369 1355
f 1355 1369 1370 1356
f 1356 1370 1371 1357
f 1357 1371 1372 1358
f 1358 1372 1359 1345
f 1359 1373 1374 1360
f 1360 1374 1375 1361
f 1361 1375 1376 1362
f 1362 1376 1377 1363
f 1363 1377 1378 1364
f 1364 1378 1379 1365
f 1365 1379 1380 1366
f 1366 1380 1381 1367
f 1367 1381 1382 1368
f 1368 1382 1383 1369
f 1369 1383 1384 1370
f 1370 1384 1385 1371
f 1371 1385 1386 1372
f 1372 1386 1373 1359
f 1373 1387 1388 1374
f 1374 1388 1389 1375
f 1375 1389 1390 1376
f 1376 1390 1391 1377
f 1377 1391 1392 1378
f 1378 1392 1393 1379
f 1379 1393 1394 1380
f 1380 1394 1395 1381
f 1381 1395 1396 1382
f 1382 1396 1397 1383
f 1383 1397 1398 1384
f 1384 1398 1399 1385
f 1385 1399 1400 1386
f 1386 1400 1387 1373
f 1387 1401 1402 1388
f 1388 1402 1403 1389
f 1389 1403 1404 1390
f 1390 1404 1405 1391
f 1391 1405 1406 1392
f 1392 1406 1407 1393
f 1393 1407 1408 1394
f 1394 1408 1409 1395
f 1395 1409 1410 1396
f 1396 1410 1411 1397
f 1397 1411 1412 1398
f 1398 1412 1413 1399
f 1399 1413 1414 1400
f 1400 1414 1401 1387
f 1401 1415 1416 1402
f 1402 1416 1417 1403
f 1403 1417 1418 1404
f 1404 1418 1419 1405
f 1405 1419 1420 1406
f 1406 1420 1421 1407
f 1407 1421 1422 1408
f 1408 1422 1423 1409
f 1409 1423 1424 1410
f 1410 1424 1425 1411
f 1411 1425 1426 1412
f 1412 1426 1427 1413
f 1413 1427 1428 1414
f 1414 1428 1415 1401
f 1415 1429 1430 1416
f 1416 1430 1431 1417
f 1417 1431 1432 1418
f 1418 1432 1433 1419
f 1419 1433 1434 1420
f 1420 1434 1435 1421
f 1421 1435 1436 1422
f 1422 1436 1437 1423
f 1423 1437 1438 1424
f 1424 1438 1439 1425
f 1425 1439 1440 1426
f 1426 1440 1441 1427
f 1427 1441 1442 1428
f 1428 1442 1429 1415
f 1429 1443 1444 1430
f 1430 1444 1445 1431
f 1431 1445 1446 1432
f 1432 1446 1447 1433
f 1433 1447 1448 1434
f 1434 1448 1449 1435
f 1435 1449 1450 1436
f 1436 1450 1451 1437
f 1437 1451 1452 1438
f 1438 1452 1453 1439
f 1439 1453 1454 1440
f 1440 1454 1455 1441
f 1441 1455 1456 1442
f 1442 1456 1443 1429
f 1443 1457 1458 1444
f 1444 1458 1459 1445
f 1445 1459 1460 1446
f 1446 1460 1461 1447
f 1447 1461 1462 1448
f 1448 1462 1463 1449
f 1449 1463 1464 1450
f 1450 1464 1465 1451
f 1451 1465 1466 1452
f 1452 1466 1467 1453
f 1453 1467 1468 1454
f 1454 1468 1469 1455
f 1455 1469 1470 1456
f 1456 1470 1457 1443
f 1457 1471 1472 1458
f 1458 1472 1473 1459
f 1459 1473 1474 1460
f 1460 1474 1475 1461
f 1461 1475 1476 1462
f 1462 1476 1477 1463
f 1463 1477 1478 1464
f 1464 1478 1479 1465
f 1465 1479 1480 1466
f 1466 1480 1481 1467
f 1467 1481 1482 1468
f 1468 1482 1483 1469
f 1469 1483 1484 1470
f 1470 1484 1471 1457
f 1471 1485 1486 1472
f 1472 1486 1487 1473
f 1473 1487 1488 1474
f 1474 1488 1489 1475
f 1475 1489 1490 1476
f 1476 1490 1491 1477
f 1477 1491 1492 1478
f 1478 1492 1493 1479
f 1479 1493 1494 1480
f 1480 1494 1495 1481
f 1481 1495 1496 1482
f 1482 1496 1497 1483
f 1483 1497 1498 1484
f 1484 1498 1485 1471
f 1485 1499 1500 1486
f 1486 1500 1501 1487
f 1487 1501 1502 1488
f 1488 1502 1503 1489
f 1489 1503 1504 1490
f 1490 1504 1505 1491
f 1491 1505 1506 1492
f 1492 1506 1507 1493
f 1493 1507 1508 1494
f 1494 1508 1509 1495
f 1495 1509 1510 1496
f 1496 1510 1511 1497
f 1497 1511 1512 1498
f 1498 1512 1499 1485
f 1499 1513 1514 1500
f 1500 1514 1515 1501
f 1501 1515 1516 1502
f 1502 1516 1517 1503
f 1503 1517 1518 1504
f 1504 1518 1519 1505
f 1505 1519 1520 1506
f 1506 1520 1521 1507
f 1507 1521 1522 1508
f 1508 1522 1523 1509
f 1509 1523 1524 1510
f 1510 1524 1525 1511
f 1511 1525 1526 1512
f 1512 1526 1513 1499
f 1513 1527 1528 1514
f 1514 1528 1529 1515
f 1515 1529 1530 1516
f 1516 1530 1531 1517
f 1517 1531 1532 1518
f 1518 1532 1533 1519
f 1519 1533 1534 1520
f 1520 1534 1535 1521
f 1521 1535 1536 1522
f 1522 1536 1537 1523
f 1523 1537 1538 1524
f 1524 1538 1539 1525
f 1525 1539 1540 1526
f 1526 1540 1527 1513
f 1527 1541 1542 1528
f 1528 1542 1543 1529
f 1529 1543 1544 1530
f 1530 1544 1545 1531
f 1531 1545 1546 1532
f 1532 1546 1547 1533
f 1533 1547 1548 1534
f 1534 1548 1549 1535
f 1535 1549 1550 1536
f 1536 1550 1551 1537
f 1537 1551 1552 1538
f 1538 1552 1553 1539
f 1539 1553 1554 1540
f 1540 1554 1541 1527
f 1541 1555 1556 1542
f 1542 1556 1557 1543
f 1543 1557 1558 1544
f 1544 1558 1559 1545
f 1545 1559 1560 1546
f 1546 1560 1561 1547
f 1547 1561 1562 1548
f 1548 1562 1563 1549
f 1549 1563 1564 1550
f 1550 1564 1565 1551
f 1551 1565 1566 1552
f 1552 1566 1567 1553
f 1553 1567 1568 1554
f 1554 1568 1555 1541
f 1555 1569 1570 1556
f 1556 1570 1571 1557
f 1557 1571 1572 1558
f 1558 1572 1573 1559
f 1559 1573 1574 1560
f 1560 1574 1575 1561
f 1561 1575 1576 1562
f 1562 1576 1577 1563
f 1563 1577 1578 1564
f 1564 1578 1579 1565
f 1565 1579 1580 1566
f 1566 1580 1581 1567
f 1567 1581 1582 1568
f 1568 1582 1569 1555
f 1569 1583 1584 1570
f 1570 1584 1585 1571
f 1571 1585 1586 1572
f 1572 1586 1587 1573
f 1573 1587 1588 1574
f 1574 1588 1589 1575
f 1575 1589 1590 1576
f 1576 1590 1591 1577
f 1577 1591 1592 1578
f 1578 1592 1593 1579
f 1579 1593 1594 1580
f 1580 1594 1595 1581
f 1581 1595 1596 1582
f 1582 1596 1583 1569
f 1583 1597 1598 1584
f 1584 1598 1599 1585
f 1585 1599 1600 1586
f 1586 1600 1601 1587
f 1587 1601 1602 1588
f 1588 1602 1603 1589
f 1589 1603 1604 1590
f 1590 1604 1605 1591
f 1591 1605 1606 1592
f 1592 1606 1607 1593
f 1593 1607 1608 1594
f 1594 1608 1609 1595
f 1595 1609 1610 1596
f 1596 1610 1597 1583
f 1597 1611 1612 1598
f 1598 1612 1613 1599
f 1599 1613 1614 1600
f 1600 1614 1615 1601
f 1601 1615 1616 1602
f 1602 1616 1617 1603
f 1603 1617 1618 1604
f 1604 1618 1619 1605
f 1605 1619 1620 1606
f 1606 1620 1621 1607
f 1607 1621 1622 1608
f 1608 1622 1623 1609
f 1609 1623 1624 1610
f 1610 1624 1611 1597
f 1611 1625 1626 1612
f 1612 1626 1627 1613
f 1613 1627 1628 1614
f 1614 1628 1629 1615
f 1615 1629 1630 1616
f 1616 1630 1631 1617
f 1617 1631 1632 1618
f 1618 1632 1633 1619
f 1619 1633 1634 1620
f 1620 1634 1635 1621
f 1621 1635 1636 1622
f 1622 1636 1637 1623
f 1623 1637 1638 1624
f 1624 1638 1625 1611
f 1625 1639 1640 1626
f 1626 1640 1641 1627
f 1627 1641 1642 1628
f 1628 1642 1643 1629
f 1629 1643 1644 1630
f 1630 1644 1645 1631
f 1631 1645 1646 1632
f 1632 1646 1647 1633
f 1633 1647 1648 1634
f 1634 1648 1649 1635
f 1635 1649 1650 1636
f 1636 1650 1651 1637
f 1637 1651 1652 1638
f 1638 1652 1639 1625
f 1639 1653 1654 1640
f 1640 1654 1655 1641
f 1641 1655 1656 1642
f 1642 1656 1657 1643
f 1643 1657 1658 1644
f 1644 1658 1659 1645
f 1645 1659 1660 1646
f 1646 1660 1661 1647
f 1647 1661 1662 1648
f 1648 1662 1663 1649
f 1649 1663 1664 1650
f 1650 1664 1665 1651
f 1651 1665 1666 1652
f 1652 1666 1653 1639
f 1653 1667 1668 1654
f 1654 1668 1669 1655
f 1655 1669 1670 1656
f 1656 1670 1671 1657
f 1657 1671 1672 1658
f 1658 1672 1673 1659
f 1659 1673 1674 1660
f 1660 1674 1675 1661
f 1661 1675 1676 1662
f 1662 1676 1677 1663
f 1663 1677 1678 1664
f 1664 1678 1679 1665
f 1665 1679 1680 1666
f 1666 1680 1667 1653
f 1667 1681 1682 1668
f 1668 1682 1683 1669
f 1669 1683 1684 1670
f 1670 1684 1685 1671
f 1671 1685 1686 1672
f 1672 1686 1687 1673
f 1673 1687 1688 1674
f 1674 1688 1689 1675
f 1675 1689 1690 1676
f 1676 1690 1691 1677
f 1677 1691 1692 1678
f 1678 1692 1693 1679
f 1679 1693 1694 1680
f 1680 1694 1681 1667
f 1681 1695 1696 1682
f 1682 1696 1697 1683
f 1683 1697 1698 1684
f 1684 1698 1699 1685
f 1685 1699 1700 1686
f 1686 1700 1701 1687
f 1687 1701 1702 1688
f 1688 1702 1703 1689
f 1689 1703 1704 1690
f 1690 1704 1705 1691
f 1691 1705 1706 1692
f 1692 1706 1707 1693
f 1693 1707 1708 1694
f 1694 1708 1695 1681
f 1695 1709 1710 1696
f 1696 1710 1711 1697
f 1697 1711 1712 1698
f 1698 1712 1713 1699
f 1699 1713 1714 1700
f 1700 1714 1715 1701
f 1701 1715 1716 1702
f 1702 1716 1717 1703
f 1703 1717 1718 1704
f 1704 1718 1719 1705
f 1705 1719 1720 1706
f 1706 1720 1721 1707
f 1707 1721 1722 1708
f 1708 1722 1709 1695
f 1709 1723 1724 1710
f 1710 1724 1725 1711
f 1711 1725 1726 1712
f 1712 1726 1727 1713
f 1713 1727 1728 1714
f 1714 1728 1729 1715
f 1715 1729 1730 1716
f 1716 1730 1731 1717
f 1717 1731 1732 1718
f 1718 1732 1733 1719
f 1719 1733 1734 1720
f 1720 1734 1735 1721
f 1721 1735 1736 1722
f 1722 1736 1723 1709
f 1723 1737 1738 1724
f 1724 1738 1739 1725
f 1725 1739 1740 1726
f 1726 1740 1741 1727
f 1727 1741 1742 1728
f 1728 1742 1743 1729
f 1729 1743 1744 1730
f 1730 1744 1745 1731
f 1731 1745 1746 1732
f 1732 1746 1747 1733
f 1733 1747 1748 1734
f 1734 1748 1749 1735
f 1735 1749 1750 1736
f 1736 1750 1737 1723
f 1737 1751 1752 1738
f 1738 1752 1753 1739
f 1739 1753 1754 1740
f 1740 1754 1755 1741
f 1741 1755 1756 1742
f 1742 1756 1757 1743
f 1743 1757 1758 1744
f 1744 1758 1759 1745
f 1745 1759 1760 1746
f 1746 1760 1761 1747
f 1747 1761 1762 1748
f 1748 1762 1763 1749
f 1749 1763 1764 1750
f 1750 1764 1751 1737
f 1751 1765 1766 1752
f 1752 1766 1767 1753
f 1753 1767 1768 1754
f 1754 1768 1769 1755
f 1755 1769 1770 1756
f 1756 1770 1771 1757
f 1757 1771 1772 1758
f 1758 1772 1773 1759
f 1759 1773 1774 1760
f 1760 1774 1775 1761
f 1761 1775 1776 1762
f 1762 1776 1777 1763
f 1763 1777 1778 1764
f 1764 1778 1765 1751
f 1765 1779 1780 1766
f 1766 1780 1781 1767
f 1767 1781 1782 1768
f 1768 1782 1783 1769
f 1769 1783 1784 1770
f 1770 1784 1785 1771
f 1771 1785 1786 1772
f 1772 1786 1787 1773
f 1773 1787 1788 1774
f 1774 1788 1789 1775
f 1775 1789 1790 1776
f 1776 1790 1791 1777
f 1777 1791 1792 1778
f 1778 1792 1779 1765
f 1779 1793 1794 1780
f 1780 1794 1795 1781
f 1781 1795 1796 1782
f 1782 1796 1797 1783
f 1783 1797 1798 1784
f 1784 1798 1799 1785
f 1785 1799 1800 1786
f 1786 1800 1801 1787
f 1787 1801 1802 1788
f 1788 1802 1803 1789
f 1789 1803 1804 1790
f 1790 1804 1805 1791
f 1791 1805 1806 1792
f 1792 1806 1793 1779
f 1793 1807 1808 1794
f 1794 1808 1809 1795
f 1795 1809 1810 1796
f 1796 1810 1811 1797
f 1797 1811 1812 1798
f 1798 1812 1813 1799
f 1799 1813 1814 1800
f 1800 1814 1815 1801
f 1801 1815 1816 1802
f 1802 1816 1817 1803
f 1803 1817 1818 1804
f 1804 1818 1819 1805
f 1805 1819 1820 1806
f 1806 1820 1807 1793
f 1807 1821 1822 1808
f 1808 1822 1823 1809
f 1809 1823 1824 1810
f 1810 1824 1825 1811
f 1811 1825 1826 1812
f 1812 1826 1827 1813
f 1813 1827 1828 1814
f 1814 1828 1829 1815
f 1815 1829 1830 1816
f 1816 1830 1831 1817
f 1817 1831 1832 1818
f 1818 1832 1833 1819
f 1819 1833 1834 1820
f 1820 1834 1821 1807
f 1821 1835 1836 1822
f 1822 1836 1837 1823
f 1823 1837 1838 1824
f 1824 1838 1839 1825
f 1825 1839 1840 1826
f 1826 1840 1841 1827
f 1827 1841 1842 1828
f 1828 1842 1843 1829
f 1829 1843 1844 1830
f 1830 1844 1845 1831
f 1831 1845 1846 1832
f 1832 1846 1847 1833
f 1833 1847 1848 1834
f 1834 1848 1835 1821
f 1835 1849 1850 1836
f 1836 1850 1851 1837
f 1837 1851 1852 1838
f 1838 1852 1853 1839
f 1839 1853 1854 1840
f 1840 1854 1855 1841
f 1841 1855 1856 1842
f 1842 1856 1857 1843
f 1843 1857 1858 1844
f 1844 1858 1859 1845
f 1845 1859 1860 1846
f 1846 1860 1861 1847
f 1847 1861 1862 1848
f 1848 1862 1849 1835
f 1849 1863 1864 1850
f 1850 1864 1865 1851
f 1851 1865 1866 1852
f 1852 1866 1867 1853
f 1853 1867 1868 1854
f 1854 1868 1869 1855
f 1855 1869 1870 1856
f 1856 1870 1871 1857
f 1857 1871 1872 1858
f 1858 1872 1873 1859
f 1859 1873 1874 1860
f 1860 1874 1875 1861
f 1861 1875 1876 1862
f 1862 1876 1863 1849
f 1863 1877 1878 1864
f 1864 1878 1879 1865
f 1865 1879 1880 1866
f 1866 1880 1881 1867
f 1867 1881 1882 1868
f 1868 1882 1883 1869
f 1869 1883 1884 1870
f 1870 1884 1885 1871
f 1871 1885 1886 1872
f 1872 1886 1887 1873
f 1873 1887 1888 1874
f 1874 1888 1889 1875
f 1875 1889 1890 1876
f 1876 1890 1877 1863
f 1877 1891 1892 1878
f 1878 1892 1893 1879
f 1879 1893 1894 1880
f 1880 1894 1895 1881
f 1881 1895 1896 1882
f 1882 1896 1897 1883
f 1883 1897 1898 1884
f 1884 1898 1899 1885
f 1885 1899 1900 1886
f 1886 1900 1901 1887
f 1887 1901 1902 1888
f 1888 1902 1903 1889
f 1889 1903 1904 1890
f 1890 1904 1891 1877
f 1891 1905 1906 1892
f 1892 1906 1907 1893
f 1893 1907 1908 1894
f 1894 1908 1909 1895
f 1895 1909 1910 1896
f 1896 1910 1911 1897
f 1897 1911 1912 1898
f 1898 1912 1913 1899
f 1899 1913 1914 1900
f 1900 1914 1915 1901
f 1901 1915 1916 1902
f 1902 1916 1917 1903
f 1903 1917 1918 1904
f 1904 1918 1905 1891
f 1905 1919 1920 1906
f 1906 1920 1921 1907
f 1907 1921 1922 1908
f 1908 1922 1923 1909
f 1909 1923 1924 1910
f 1910 1924 1925 1911
f 1911 1925 1926 1912
f 1912 1926 1927 1913
f 1913 1927 1928 1914
f 1914 1928 1929 1915
f 1915 1929 1930 1916
f 1916 1930 1931 1917
f 1917 1931 1932 1918
f 1918 1932 1919 1905
f 1919 1933 1934 1920
f 1920 1934 1935 1921
f 1921 1935 1936 1922
f 1922 1936 1937 1923
f 1923 1937 1938 1924
f 1924 1938 1939 1925
f 1925 1939 1940 1926
f 1926 1940 1941 1927
f 1927 1941 1942 1928
f 1928 1942 1943 1929
f 1929 1943 1944 1930
f 1930 1944 1945 1931
f 1931 1945 1946 1932
f 1932 1946 1933 1919
f 1933 1947 1948 1934
f 1934 1948 1949 1935
f 1935 1949 1950 1936
f 1936 1950 1951 1937
f 1937 1951 1952 1938
f 1938 1952 1953 1939
f 1939 1953 1954 1940
f 1940 1954 1955 1941
f 1941 1955 1956 1942
f 1942 1956 1957 1943
f 1943 1957 1958 1944
f 1944 1958 1959 1945
f 1945 1959 1960 1946
f 1946 1960 1947 1933
f 1947 1961 1962 1948
f 1948 1962 1963 1949
f 1949 1963 1964 1950
f 1950 1964 1965 1951
f 1951 1965 1966 1952
f 1952 1966 1967 1953
f 1953 1967 1968 1954
f 1954 1968 1969 1955
f 1955 1969 1970 1956
f 1956 1970 1971 1957
f 1957 1971 1972 1958
f 1958 1972 1973 1959
f 1959 1973 1974 1960
f 1960 1974 1961 1947
f 1961 1975 1976 1962
f 1962 1976 1977 1963
f 1963 1977 1978 1964
f 1964 1978 1979 1965
f 1965 1979 1980 1966
f 1966 1980 1981 1967
f 1967 1981 1982 1968
f 1968 1982 1983 1969
f 1969 1983 1984 1970
f 1970 1984 1985 1971
f 1971 1985 1986 1972
f 1972 1986 1987 1973
f 1973 1987 1988 1974
f 1974 1988 1975 1961
f 1975 1989 1990 1976
f 1976 1990 1991 1977
f 1977 1991 1992 1978
f 1978 1992 1993 1979
f 1979 1993 1994 1980
f 1980 1994 1995 1981
f 1981 1995 1996 1982
f 1982 1996 1997 1983
f 1983 1997 1998 1984
f 1984 1998 1999 1985
f 1985 1999 2000 1986
f 1986 2000 2001 1987
f 1987 2001 2002 1988
f 1988 2002 1989 1975
f 1989 2003 2004 1990
f 1990 2004 2005 1991
f 1991 2005 2006 1992
f 1992 2006 2007 1993
f 1993 2007 2008 1994
f 1994 2008 2009 1995
f 1995 2009 2010 1996
f 1996 2010 2011 1997
f 1997 2011 2012 1998
f 1998 2012 2013 1999
f 1999 2013 2014 2000
f 2000 2014 2015 2001
f 2001 2015 2016 2002
f 2002 2016 2003 1989
f 2003 2017 2018 2004
f 2004 2018 2019 2005
f 2005 2019 2020 2006
f 2006 2020 2021 2007
f 2007 2021 2022 2008
f 2008 2022 2023 2009
f 2009 2023 2024 2010
f 2010 2024 2025 2011
f 2011 2025 2026 2012
f 2012 2026 2027 2013
f 2013 2027 2028 2014
f 2014 2028 2029 2015
f 2015 2029 2030 2016
f 2016 2030 2017 2003
f 2017 2031 2032 2018
f 2018 2032 2033 2019
f 2019 2033 2034 2020
f 2020 2034 2035 2021
f 2021 2035 2036 2022
f 2022 2036 2037 2023
f 2023 2037 2038 2024
f 2024 2038 2039 2025
f 2025 2039 2040 2026
f 2026 2040 2041 2027
f 2027 2041 2042 2028
f 2028 2042 2043 2029
f 2029 2043 2044 2030
f 2030 2044 2031 2017
f 2031 2045 2046 2032
f 2032 2046 2047 2033
f 2033 2047 2048 2034
f 2034 2048 2049 2035
f 2035 2049 2050 2036
f 2036 2050 2051 2037
f 2037 2051 2052 2038
f 2038 2052 2053 2039
f 2039 2053 2054 2040
f 2040 2054 2055 2041
f 2041 2055 2056 2042
f 2042 2056 2057 2043
f 2043 2057 2058 2044
f 2044 2058 2045 2031
f 2045 2059 2060 2046
f 2046 2060 2061 2047
f 2047 2061 2062 2048
f 2048 2062 2063 2049
f 2049 2063 2064 2050
f 2050 2064 2065 2051
f 2051 2065 2066 2052
f 2052 2066 2067 2053
f 2053 2067 2068 2054
f 2054 2068 2069 2055
f 2055 2069 2070 2056
f 2056 2070 2071 2057
f 2057 2071 2072 2058
f 2058 2072 2059 2045
f 2059 2073 2074 2060
f 2060 2074 2075 2061
f 2061 2075 2076 2062
f 2062 2076 2077 2063
f 2063 2077 2078 2064
f 2064 2078 2079 2065
f 2065 2079 2080 2066
f 2066 2080 2081 2067
f 2067 2081 2082 2068
f 2068 2082 2083 2069
f 2069 2083 2084 2070
f 2070 2084 2085 2071
f 2071 2085 2086 2072
f 2072 2086 2073 2059
f 2073 2087 2088 2074
f 2074 2088 2089 2075
f 2075 2089 2090 2076
f 2076 2090 2091 2077
f 2077 2091 2092 2078
f 2078 2092 2093 2079
f 2079 2093 2094 2080
f 2080 2094 2095 2081
f 2081 2095 2096 2082
f 2082 2096 2097 2083
f 2083 2097 2098 2084
f 2084 2098 2099 2085
f 2085 2099 2100 2086
f 2086 2100 2087 2073
f 2087 2101 2102 2088
f 2088 2102 2103 2089
f 2089 2103 2104 2090
f 2090 2104 2105 2091
f 2091 2105 2106 2092
f 2092 2106 2107 2093
f 2093 2107 2108 2094
f 2094 2108 2109 2095
f 2095 2109 2110 2096
f 2096 2110 2111 2097
f 2097 2111 2112 2098
f 2098 2112 2113 2099
f 2099 2113 2114 2100
f 2100 2114 2101 2087
f 2101 2115 2116 2102
f 2102 2116 2117 2103
f 2103 2117 2118 2104
f 2104 2118 2119 2105
f 2105 2119 2120 2106
f 2106 2120 2121 2107
f 2107 2121 2122 2108
f 2108 2122 2123 2109
f 2109 2123 2124 2110
f 2110 2124 2125 2111
f 2111 2125 2126 2112
f 2112 2126 2127 2113
f 2113 2127 2128 2114
f 2114 2128 2115 2101
f 2115 2129 2130 2116
f 2116 2130 2131 2117
f 2117 2131 2132 2118
f 2118 2132 2133 2119
f 2119 2133 2134 2120
f 2120 2134 2135 2121
f 2121 2135 2136 2122
f 2122 2136 2137 2123
f 2123 2137 2138 2124
f 2124 2138 2139 2125
f 2125 2139 2140 2126
f 2126 2140 2141 2127
f 2127 2141 2142 2128
f 2128 2142 2129 2115
f 2129 2143 2144 2130
f 2130 2144 2145 2131
f 2131 2145 2146 2132
f 2132 2146 2147 2133
f 2133 2147 2148 2134
f 2134 2148 2149 2135
f 2135 2149 2150 2136
f 2136 2150 2151 2137
f 2137 2151 2152 2138
f 2138 2152 2153 2139
f 2139 2153 2154 2140
f 2140 2154 2155 2141
f 2141 2155 2156 2142
f 2142 2156 2143 2129
f 2143 2157 2158 2144
f 2144 2158 2159 2145
f 2145 2159 2160 2146
f 2146 2160 2161 2147
f 2147 2161 2162 2148
f 2148 2162 2163 2149
f 2149 2163 2164 2150
f 2150 2164 2165 2151
f 2151 2165 2166 2152
f 2152 2166 2167 2153
f 2153 2167 2168 2154
f 2154 2168 2169 2155
f 2155 2169 2170 2156
f 2156 2170 2157 2143
f 2157 2171 2172 2158
f 2158 2172 2173 2159
f 2159 2173 2174 2160
f 2160 2174 2175 2161
f 2161 2175 2176 2162
f 2162 2176 2177 2163
f 2163 2177 2178 2164
f 2164 2178 2179 2165
f 2165 2179 2180 2166
f 2166 2180 2181 2167
f 2167 2181 2182 2168
f 2168 2182 2183 2169
f 2169 2183 2184 2170
f 2170 2184 2171 2157
f 2171 2185 2186 2172
f 2172 2186 2187 2173
f 2173 2187 2188 2174
f 2174 2188 2189 2175
f 2175 2189 2190 2176
f 2176 2190 2191 2177
f 2177 2191 2192 2178
f 2178 2192 2193 2179
f 2179 2193 2194 2180
f 2180 2194 2195 2181
f 2181 2195 2196 2182
f 2182 2196 2197 2183
f 2183 2197 2198 2184
f 2184 2198 2185 2171
f 2185 2199 2200 2186
f 2186 2200 2201 2187
f 2187 2201 2202 2188
f 2188 2202 2203 2189
f 2189 2203 2204 2190
f 2190 2204 2205 2191
f 2191 2205 2206 2192
f 2192 2206 2207 2193
f 2193 2207 2208 2194
f 2194 2208 2209 2195
f 2195 2209 2210 2196
f 2196 2210 2211 2197
f 2197 2211 2212 2198
f 2198 2212 2199 2185
f 2199 2213 2214 2200
f 2200 2214 2215 2201
f 2201 2215 2216 2202
f 2202 2216 2217 2203
f 2203 2217 2218 2204
f 2204 2218 2219 2205
f 2205 2219 2220 2206
f 2206 2220 2221 2207
f 2207 2221 2222 2208
f 2208 2222 2223 2209
f 2209 2223 2224 2210
f 2210 2224 2225 2211
f 2211 2225 2226 2212
f 2212 2226 2213 2199
f 2213 2227 2228 2214
f 2214 2228 2229 2215
f 2215 2229 2230 2216
f 2216 2230 2231 2217
f 2217 2231 2232 2218
f 2218 2232 2233 2219
f 2219 2233 2234 2220
f 2220 2234 2235 2221
f 2221 2235 2236 2222
f 2222 2236 2237 2223
f 2223 2237 2238 2224
f 2224 2238 2239 2225
f 2225 2239 2240 2226
f 2226 2240 2227 2213
f 2227 2241 2242 2228
f 2228 2242 2243 2229
f 2229 2243 2244 2230
f 2230 2244 2245 2231
f 2231 2245 2246 2232
f 2232 2246 2247 2233
f 2233 2247 2248 2234
f 2234 2248 2249 2235
f 2235 2249 2250 2236
f 2236 2250 2251 2237
f 2237 2251 2252 2238
f 2238 2252 2253 2239
f 2239 2253 2254 2240
f 2240 2254 2241 2227
f 2241 2255 2256 2242
f 2242 2256 2257 2243
f 2243 2257 2258 2244
f 2244 2258 2259 2245
f 2245 2259 2260 2246
f 2246 2260 2261 2247
f 2247 2261 2262 2248
f 2248 2262 2263 2249
f 2249 2263 2264 2250
f 2250 2264 2265 2251
f 2251 2265 2266 2252
f 2252 2266 2267 2253
f 2253 2267 2268 2254
f 2254 2268 2255 2241
f 2255 2269 2270 2256
f 2256 2270 2271 2257
f 2257 2271 2272 2258
f 2258 2272 2273 2259
f 2259 2273 2274 2260
f 2260 2274 2275 2261
f 2261 2275 2276 2262
f 2262 2276 2277 2263
f 2263 2277 2278 2264
f 2264 2278 2279 2265
f 2265 2279 2280 2266
f 2266 2280 2281 2267
f 2267 2281 2282 2268
f 2268 2282 2269 2255
f 2269 2283 2284 2270
f 2270 2284 2285 2271
f 2271 2285 2286 2272
f 2272 2286 2287 2273
f 2273 2287 2288 2274
f 2274 2288 2289 2275
f 2275 2289 2290 2276
f 2276 2290 2291 2277
f 2277 2291 2292 2278
f 2278 2292 2293 2279
f 2279 2293 2294 2280
f 2280 2294 2295 2281
f 2281 2295 2296 2282
f 2282 2296 2283 2269
f 2283 2297 2298 2284
f 2284 2298 2299 2285
f 2285 2299 2300 2286
f 2286 2300 2301 2287
f 2287 2301 2302 2288
f 2288 2302 2303 2289
f 2289 2303 2304 2290
f 2290 2304 2305 2291
f 2291 2305 2306 2292
f 2292 2306 2307 2293
f 2293 2307 2308 2294
f 2294 2308 2309 2295
f 2295 2309 2310 2296
f 2296 2310 2297 2283
f 2297 2311 2312 2298
f 2298 2312 2313 2299
f 2299 2313 2314 2300
f 2300 2314 2315 2301
f 2301 2315 2316 2302
f 2302 2316 2317 2303
f 2303 2317 2318 2304
f 2304 2318 2319 2305
f 2305 2319 2320 2306
f 2306 2320 2321 2307
f 2307 2321 2322 2308
f 2308 2322 2323 2309
f 2309 2323 2324 2310
f 2310 2324 2311 2297
f 2311 2325 2326 2312
f 2312 2326 2327 2313
f 2313 2327 2328 2314
f 2314 2328 2329 2315
f 2315 2329 2330 2316
f 2316 2330 2331 2317
f 2317 2331 2332 2318
f 2318 2332 2333 2319
f 2319 2333 2334 2320
f 2320 2334 2335 2321
f 2321 2335 2336 2322
f 2322 2336 2337 2323
f 2323 2337 2338 2324
f 2324 2338 2325 2311
f 2325 2339 2340 2326
f 2326 2340 2341 2327
f 2327 2341 2342 2328
f 2328 2342 2343 2329
f 2329 2343 2344 2330
f 2330 2344 2345 2331
f 2331 2345 2346 2332
f 2332 2346 2347 2333
f 2333 2347 2348 2334
f 2334 2348 2349 2335
f 2335 2349 2350 2336
f 2336 2350 2351 2337
f 2337 2351 2352 2338
f 2338 2352 2339 2325
f 2339 2353 2354 2340
f 2340 2354 2355 2341
f 2341 2355 2356 2342
f 2342 2356 2357 2343
f 2343 2357 2358 2344
f 2344 2358 2359 2345
f 2345 2359 2360 2346
f 2346 2360 2361 2347
f 2347 2361 2362 2348
f 2348 2362 2363 2349
f 2349 2363 2364 2350
f 2350 2364 2365 2351
f 2351 2365 2366 2352
f 2352 2366 2353 2339
f 2353 2367 2368 2354
f 2354 2368 2369 2355
f 2355 2369 2370 2356
f 2356 2370 2371 2357
f 2357 2371 2372 2358
f 2358 2372 2373 2359
f 2359 2373 2374 2360
f 2360 2374 2375 2361
f 2361 2375 2376 2362
f 2362 2376 2377 2363
f 2363 2377 2378 2364
f 2364 2378 2379 2365
f 2365 2379 2380 2366
f 2366 2380 2367 2353
f 2367 2381 2382 2368
f 2368 2382 2383 2369
f 2369 2383 2384 2370
f 2370 2384 2385 2371
f 2371 2385 2386 2372
f 2372 2386 2387 2373
f 2373 2387 2388 2374
f 2374 2388 2389 2375
f 2375 2389 2390 2376
f 2376 2390 2391 2377
f 2377 2391 2392 2378
f 2378 2392 2393 2379
f 2379 2393 2394 2380
f 2380 2394 2381 2367
f 2381 2395 2396 2382
f 2382 2396 2397 2383
f 2383 2397 2398 2384
f 2384 2398 2399 2385
f 2385 2399 2400 2386
f 2386 2400 2401 2387
f 2387 2401 2402 2388
f 2388 2402 2403 2389
f 2389 2403 2404 2390
f 2390 2404 2405 2391
f 2391 2405 2406 2392
f 2392 2406 2407 2393
f 2393 2407 2408 2394
f 2394 2408 2395 2381
f 2395 2409 2410 2396
f 2396 2410 2411 2397
f 2397 2411 2412 2398
f 2398 2412 2413 2399
f 2399 2413 2414 2400
f 2400 2414 2415 2401
f 2401 2415 2416 2402
f 2402 2416 2417 2403
f 2403 2417 2418 2404
f 2404 2418 2419 2405
f 2405 2419 2420 2406
f 2406 2420 2421 2407
f 2407 2421 2422 2408
f 2408 2422 2409 2395
f 2409 2423 2424 2410
f 2410 2424 2425 2411
f 2411 2425 2426 2412
f 2412 2426 2427 2413
f 2413 2427 2428 2414
f 2414 2428 2429 2415
f 2415 2429 2430 2416
f 2416 2430 2431 2417
f 2417 2431 2432 2418
f 2418 2432 2433 2419
f 2419 2433 2434 2420
f 2420 2434 2435 2421
f 2421 2435 2436 2422
f 2422 2436 2423 2409
f 2423 2437 2438 2424
f 2424 2438 2439 2425
f 2425 2439 2440 2426
f 2426 2440 2441 2427
f 2427 2441 2442 2428
f 2428 2442 2443 2429
f 2429 2443 2444 2430
f 2430 2444 2445 2431
f 2431 2445 2446 2432
f 2432 2446 2447 2433
f 2433 2447 2448 2434
f 2434 2448 2449 2435
f 2435 2449 2450 2436
f 2436 2450 2437 2423
f 2437 2451 2452 2438
f 2438 2452 2453 2439
f 2439 2453 2454 2440
f 2440 2454 2455 2441
f 2441 2455 2456 2442
f 2442 2456 2457 2443
f 2443 2457 2458 2444
f 2444 2458 2459 2445
f 2445 2459 2460 2446
f 2446 2460 2461 2447
f 2447 2461 2462 2448
f 2448 2462 2463 2449
f 2449 2463 2464 2450
f 2450 2464 2451 2437
f 2451 2465 2466 2452
f 2452 2466 2467 2453
f 2453 2467 2468 2454
f 2454 2468 2469 2455
f 2455 2469 2470 2456
f 2456 2470 2471 2457
f 2457 2471 2472 2458
f 2458 2472 2473 2459
f 2459 2473 2474 2460
f 2460 2474 2475 2461
f 2461 2475 2476 2462
f 2462 2476 2477 2463
f 2463 2477 2478 2464
f 2464 2478 2465 2451
f 2465 2479 2480 2466
f 2466 2480 2481 2467
f 2467 2481 2482 2468
f 2468 2482 2483 2469
f 2469 2483 2484 2470
f 2470 2484 2485 2471
f 2471 2485 2486 2472
f 2472 2486 2487 2473
f 2473 2487 2488 2474
f 2474 2488 2489 2475
f 2475 2489 2490 2476
f 2476 2490 2491 2477
f 2477 2491 2492 2478
f 2478 2492 2479 2465
f 2479 2493 2494 2480
f 2480 2494 2495 2481
f 2481 2495 2496 2482
f 2482 2496 2497 2483
f 2483 2497 2498 2484
f 2484 2498 2499 2485
f 2485 2499 2500 2486
f 2486 2500 2501 2487
f 2487 2501 2502 2488
f 2488 2502 2503 2489
f 2489 2503 2504 2490
f 2490 2504 2505 2491
f 2491 2505 2506 2492
f 2492 2506 2493 2479
f 2493 2507 2508 2494
f 2494 2508 2509 2495
f 2495 2509 2510 2496
f 2496 2510 2511 2497
f 2497 2511 2512 2498
f 2498 2512 2513 2499
f 2499 2513 2514 2500
f 2500 2514 2515 2501
f 2501 2515 2516 2502
f 2502 2516 2517 2503
f 2503 2517 2518 2504
f 2504 2518 2519 2505
f 2505 2519 2520 2506
f 2506 2520 2507 2493
f 2507 2521 2522 2508
f 2508 2522 2523 2509
f 2509 2523 2524 2510
f 2510 2524 2525 2511
f 2511 2525 2526 2512
f 2512 2526 2527 2513
f 2513 2527 2528 2514
f 2514 2528 2529 2515
f 2515 2529 2530 2516
f 2516 2530 2531 2517
f 2517 2531 2532 2518
f 2518 2532 2533 2519
f 2519 2533 2534 2520
f 2520 2534 2521 2507
f 2521 2535 2536 2522
f 2522 2536 2537 2523
f 2523 2537 2538 2524
f 2524 2538 2539 2525
f 2525 2539 2540 2526
f 2526 2540 2541 2527
f 2527 2541 2542 2528
f 2528 2542 2543 2529
f 2529 2543 2544 2530
f 2530 2544 2545 2531
f 2531 2545 2546 2532
f 2532 2546 2547 2533
f 2533 2547 2548 2534
f 2534 2548 2535 2521
f 2535 2549 2550 2536
f 2536 2550 2551 2537
f 2537 2551 2552 2538
f 2538 2552 2553 2539
f 2539 2553 2554 2540
f 2540 2554 2555 2541
f 2541 2555 2556 2542
f 2542 2556 2557 2543
f 2543 2557 2558 2544
f 2544 2558 2559 2545
f 2545 2559 2560 2546
f 2546 2560 2561 2547
f 2547 2561 2562 2548
f 2548 2562 2549 2535
f 2549 2563 2564 2550
f 2550 2564 2565 2551
f 2551 2565 2566 2552
f 2552 2566 2567 2553
f 2553 2567 2568 2554
f 2554 2568 2569 2555
f 2555 2569 2570 2556
f 2556 2570 2571 2557
f 2557 2571 2572 2558
f 2558 2572 2573 2559
f 2559 2573 2574 2560
f 2560 2574 2575 2561
f 2561 2575 2576 2562
f 2562 2576 2563 2549
f 2563 2577 2578 2564
f 2564 2578 2579 2565
f 2565 2579 2580 2566
f 2566 2580 2581 2567
f 2567 2581 2582 2568
f 2568 2582 2583 2569
f 2569 2583 2584 2570
f 2570 2584 2585 2571
f 2571 2585 2586 2572
f 2572 2586 2587 2573
f 2573 2587 2588 2574
f 2574 2588 2589 2575
f 2575 2589 2590 2576
f 2576 2590 2577 2563
f 2577 2591 2592 2578
f 2578 2592 2593 2579
f 2579 2593 2594 2580
f 2580 2594 2595 2581
f 2581 2595 2596 2582
f 2582 2596 2597 2583
f 2583 2597 2598 2584
f 2584 2598 2599 2585
f 2585 2599 2600 2586
f 2586 2600 2601 2587
f 2587 2601 2602 2588
f 2588 2602 2603 2589
f 2589 2603 2604 2590
f 2590 2604 2591 2577
f 2591 2605 2606 2592
f 2592 2606 2607 2593
f 2593 2607 2608 2594
f 2594 2608 2609 2595
f 2595 2609 2610 2596
f 2596 2610 2611 2597
f 2597 2611 2612 2598
f 2598 2612 2613 2599
f 2599 2613 2614 2600
f 2600 2614 2615 2601
f 2601 2615 2616 2602
f 2602 2616 2617 2603
f 2603 2617 2618 2604
f 2604 2618 2605 2591
f 2605 2619 2620 2606
f 2606 2620 2621 2607
f 2607 2621 2622 2608
f 2608 2622 2623 2609
f 2609 2623 2624 2610
f 2610 2624 2625 2611
f 2611 2625 2626 2612
f 2612 2626 2627 2613
f 2613 2627 2628 2614
f 2614 2628 2629 2615
f 2615 2629 2630 2616
f 2616 2630 2631 2617
f 2617 2631 2632 2618
f 2618 2632 2619 2605
f 2619 2633 2634 2620
f 2620 2634 2635 2621
f 2621 2635 2636 2622
f 2622 2636 2637 2623
f 2623 2637 2638 2624
f 2624 2638 2639 2625
f 2625 2639 2640 2626
f 2626 2640 2641 2627
f 2627 2641 2642 2628
f 2628 2642 2643 2629
f 2629 2643 2644 2630
f 2630 2644 2645 2631
f 2631 2645 2646 2632
f 2632 2646 2633 2619
f 2633 2647 2648 2634
f 2634 2648 2649 2635
f 2635 2649 2650 2636
f 2636 2650 2651 2637
f 2637 2651 2652 2638
f 2638 2652 2653 2639
f 2639 2653 2654 2640
f 2640 2654 2655 2641
f 2641 2655 2656 2642
f 2642 2656 2657 2643
f 2643 2657 2658 2644
f 2644 2658 2659 2645
f 2645 2659 2660 2646
f 2646 2660 2647 2633
f 2647 2661 2662 2648
f 2648 2662 2663 2649
f 2649 2663 2664 2650
f 2650 2664 2665 2651
f 2651 2665 2666 2652
f 2652 2666 2667 2653
f 2653 2667 2668 2654
f 2654 2668 2669 2655
f 2655 2669 2670 2656
f 2656 2670 2671 2657
f 2657 2671 2672 2658
f 2658 2672 2673 2659
f 2659 2673 2674 2660
f 2660 2674 2661 2647
f 2661 2675 2676 2662
f 2662 2676 2677 2663
f 2663 2677 2678 2664
f 2664 2678 2679 2665
f 2665 2679 2680 2666
f 2666 2680 2681 2667
f 2667 2681 2682 2668
f 2668 2682 2683 2669
f 2669 2683 2684 2670
f 2670 2684 2685 2671
f 2671 2685 2686 2672
f 2672 2686 2687 2673
f 2673 2687 2688 2674
f 2674 2688 2675 2661
f 2675 2689 2690 2676
f 2676 2690 2691 2677
f 2677 2691 2692 2678
f 2678 2692 2693 2679
f 2679 2693 2694 2680
f 2680 2694 2695 2681
f 2681 2695 2696 2682
f 2682 2696 2697 2683
f 2683 2697 2698 2684
f 2684 2698 2699 2685
f 2685 2699 2700 2686
f 2686 2700 2701 2687
f 2687 2701 2702 2688
f 2688 2702 2689 2675
f 2689 2703 2704 2690
f 2690 2704 2705 2691
f 2691 2705 2706 2692
f 2692 2706 2707 2693
f 2693 2707 2708 2694
f 2694 2708 2709 2695
f 2695 2709 2710 2696
f 2696 2710 2711 2697
f 2697 2711 2712 2698
f 2698 2712 2713 2699
f 2699 2713 2714 2700
f 2700 2714 2715 2701
f 2701 2715 2716 2702
f 2702 2716 2703 2689
f 2703 2717 2718 2704
f 2704 2718 2719 2705
f 2705 2719 2720 2706
f 2706 2720 2721 2707
f 2707 2721 2722 2708
f 2708 2722 2723 2709
f 2709 2723 2724 2710
f 2710 2724 2725 2711
f 2711 2725 2726 2712
f 2712 2726 2727 2713
f 2713 2727 2728 2714
f 2714 2728 2729 2715
f 2715 2729 2730 2716
f 2716 2730 2717 2703
f 2717 2731 2732 2718
f 2718 2732 2733 2719
f 2719 2733 2734 2720
f 2720 2734 2735 2721
f 2721 2735 2736 2722
f 2722 2736 2737 2723
f 2723 2737 2738 2724
f 2724 2738 2739 2725
f 2725 2739 2740 2726
f 2726 2740 2741 2727
f 2727 2741 2742 2728
f 2728 2742 2743 2729
f 2729 2743 2744 2730
f 2730 2744 2731 2717
f 2731 2745 2746 2732
f 2732 2746 2747 2733
f 2733 2747 2748 2734
f 2734 2748 2749 2735
f 2735 2749 2750 2736
f 2736 2750 2751 2737
f 2737 2751 2752 2738
f 2738 2752 2753 2739
f 2739 2753 2754 2740
f 2740 2754 2755 2741
f 2741 2755 2756 2742
f 2742 2756 2757 2743
f 2743 2757 2758 2744
f 2744 2758 2745 2731
f 2745 2759 2760 2746
f 2746 2760 2761 2747
f 2747 2761 2762 2748
f 2748 2762 2763 2749
f 2749 2763 2764 2750
f 2750 2764 2765 2751
f 2751 2765 2766 2752
f 2752 2766 2767 2753
f 2753 2767 2768 2754
f 2754 2768 2769 2755
f 2755 2769 2770 2756
f 2756 2770 2771 2757
f 2757 2771 2772 2758
f 2758 2772 2759 2745
f 2759 2773 2774 2760
f 2760 2774 2775 2761
f 2761 2775 2776 2762
f 2762 2776 2777 2763
f 2763 2777 2778 2764
f 2764 2778 2779 2765
f 2765 2779 2780 2766
f 2766 2780 2781 2767
f 2767 2781 2782 2768
f 2768 2782 2783 2769
f 2769 2783 2784 2770
f 2770 2784 2785 2771
f 2771 2785 2786 2772
f 2772 2786 2773 2759
f 2773 2787 2788 2774
f 2774 2788 2789 2775
f 2775 2789 2790 2776
f 2776 2790 2791 2777
f 2777 2791 2792 2778
f 2778 2792 2793 2779
f 2779 2793 2794 2780
f 2780 2794 2795 2781
f 2781 2795 2796 2782
f 2782 2796 2797 2783
f 2783 2797 2798 2784
f 2784 2798 2799 2785
f 2785 2799 2800 2786
f 2786 2800 2787 2773
f 2787 2801 2802 2788
f 2788 2802 2803 2789
f 2789 2803 2804 2790
f 2790 2804 2805 2791
f 2791 2805 2806 2792
f 2792 2806 2807 2793
f 2793 2807 2808 2794
f 2794 2808 2809 2795
f 2795 2809 2810 2796
f 2796 2810 2811 2797
f 2797 2811 2812 2798
f 2798 2812 2813 2799
f 2799 2813 2814 2800
f 2800 2814 2801 2787
f 2801 2815 2816 2802
f 2802 2816 2817 2803
f 2803 2817 2818 2804
f 2804 2818 2819 2805
f 2805 2819 2820 2806
f 2806 2820 2821 2807
f 2807 2821 2822 2808
f 2808 2822 2823 2809
f 2809 2823 2824 2810
f 2810 2824 2825 2811
f 2811 2825 2826 2812
f 2812 2826 2827 2813
f 2813 2827 2828 2814
f 2814 2828 2815 2801
f 2815 2829 2830 2816
f 2816 2830 2831 2817
f 2817 2831 2832 2818
f 2818 2832 2833 2819
f 2819 2833 2834 2820
f 2820 2834 2835 2821
f 2821 2835 2836 2822
f 2822 2836 2837 2823
f 2823 2837 2838 2824
f 2824 2838 2839 2825
f 2825 2839 2840 2826
f 2826 2840 2841 2827
f 2827 2841 2842 2828
f 2828 2842 2829 2815
f 2829 2843 2844 2830
f 2830 2844 2845 2831
f 2831 2845 2846 2832
f 2832 2846 2847 2833
f 2833 2847 2848 2834
f 2834 2848 2849 2835
f 2835 2849 2850 2836
f 2836 2850 2851 2837
f 2837 2851 2852 2838
f 2838 2852 2853 2839
f 2839 2853 2854 2840
f 2840 2854 2855 2841
f 2841 2855 2856 2842
f 2842 2856 2843 2829
f 2843 2857 2858 2844
f 2844 2858 2859 2845
f 2845 2859 2860 2846
f 2846 2860 2861 2847
f 2847 2861 2862 2848
f 2848 2862 2863 2849
f 2849 2863 2864 2850
f 2850 2864 2865 2851
f 2851 2865 2866 2852
f 2852 2866 2867 2853
f 2853 2867 2868 2854
f 2854 2868 2869 2855
f 2855 2869 2870 2856
f 2856 2870 2857 2843
f 2857 2871 2872 2858
f 2858 2872 2873 2859
f 2859 2873 2874 2860
f 2860 2874 2875 2861
f 2861 2875 2876 2862
f 2862 2876 2877 2863
f 2863 2877 2878 2864
f 2864 2878 2879 2865
f 2865 2879 2880 2866
f 2866 2880 2881 2867
f 2867 2881 2882 2868
f 2868 2882 2883 2869
f 2869 2883 2884 2870
f 2870 2884 2871 2857
f 2871 2885 2886 2872
f 2872 2886 2887 2873
f 2873 2887 2888 2874
f 2874 2888 2889 2875
f 2875 2889 2890 2876
f 2876 2890 2891 2877
f 2877 2891 2892 2878
f 2878 2892 2893 2879
f 2879 2893 2894 2880
f 2880 2894 2895 2881
f 2881 2895 2896 2882
f 2882 2896 2897 2883
f 2883 2897 2898 2884
f 2884 2898 2885 2871
f 2885 2899 2900 2886
f 2886 2900 2901 2887
f 2887 2901 2902 2888
f 2888 2902 2903 2889
f 2889 2903 2904 2890
f 2890 2904 2905 2891
f 2891 2905 2906 2892
f 2892 2906 2907 2893
f 2893 2907 2908 2894
f 2894 2908 2909 2895
f 2895 2909 2910 2896
f 2896 2910 2911 2897
f 2897 2911 2912 2898
f 2898 2912 2899 2885
f 2899 2913 2914 2900
f 2900 2914 2915 2901
f 2901 2915 2916 2902
f 2902 2916 2917 2903
f 2903 2917 2918 2904
f 2904 2918 2919 2905
f 2905 2919 2920 2906
f 2906 2920 2921 2907
f 2907 2921 2922 2908
f 2908 2922 2923 2909
f 2909 2923 2924 2910
f 2910 2924 2925 2911
f 2911 2925 2926 2912
f 2912 2926 2913 2899
f 2913 2927 2928 2914
f 2914 2928 2929 2915
f 2915 2929 2930 2916
f 2916 2930 2931 2917
f 2917 2931 2932 2918
f 2918 2932 2933 2919
f 2919 2933 2934 2920
f 2920 2934 2935 2921
f 2921 2935 2936 2922
f 2922 2936 2937 2923
f 2923 2937 2938 2924
f 2924 2938 2939 2925
f 2925 2939 2940 2926
f 2926 2940 2927 2913
f 2927 2941 2942 2928
f 2928 2942 2943 2929
f 2929 2943 2944 2930
f 2930 2944 2945 2931
f 2931 2945 2946 2932
f 2932 2946 2947 2933
f 2933 2947 2948 2934
f 2934 2948 2949 2935
f 2935 2949 2950 2936
f 2936 2950 2951 2937
f 2937 2951 2952 2938
f 2938 2952 2953 2939
f 2939 2953 2954 2940
f 2940 2954 2941 2927
f 2941 2955 2956 2942
f 2942 2956 2957 2943
f 2943 2957 2958 2944
f 2944 2958 2959 2945
f 2945 2959 2960 2946
f 2946 2960 2961 2947
f 2947 2961 2962 2948
f 2948 2962 2963 2949
f 2949 2963 2964 2950
f 2950 2964 2965 2951
f 2951 2965 2966 2952
f 2952 2966 2967 2953
f 2953 2967 2968 2954
f 2954 2968 2955 2941
f 2955 2969 2970 2956
f 2956 2970 2971 2957
f 2957 2971 2972 2958
f 2958 2972 2973 2959
f 2959 2973 2974 2960
f 2960 2974 2975 2961
f 2961 2975 2976 2962
f 2962 2976 2977 2963
f 2963 2977 2978 2964
f 2964 2978 2979 2965
f 2965 2979 2980 2966
f 2966 2980 2981 2967
f 2967 2981 2982 2968
f 2968 2982 2969 2955
f 2983 3164 3163 3162 3161 3160 3159 3158 3157 3156 3155 3154 3153 3152 3151 3150 3149 3148 3147 3146 3145 3144 3143 3142 3141 3140 3139 3138 3137 3136 3135 3134 3133 3132 3131 3130 3129 3128 3127 3126 3125 3124 3123 3122 3121 3120 3119 3118 3117 3116 3115 3114 3113 3112 3111 3110 3109 3108 3107 3106 3105 3104 3103 3102 3101 3100 3099 3098 3097 3096 3095 3094 3093 3092 3091 3090 3089 3088 3087 3086 3085 3084 3083 3082 3081 3080 3079 3078 3077 3076 3075 3074 3073 3072 3071 3070 3069 3068 3067 3066 3065 3064 3063 3062 3061 3060 3059 3058 3057 3056 3055 3054 3053 3052 3051 3050 3049 3048 3047 3046 3045 3044 3043 3042 3041 3040 3039 3038 3037 3036 3035 3034 3033 3032 3031 3030 3029 3028 3027 3026 3025 3024 3023 3022 3021 3020 3019 3018 3017 3016 3015 3014 3013 3012 3011 3010 3009 3008 3007 3006 3005 3004 3003 3002 3001 3000 2999 2998 2997 2996 2995 2994 2993 2992 2991 2990 2989 2988 2987 2986 2985 2984
